facility_id,facility_name,region,days_observed,hours_covered,best_hour,best_hour_mean_waiting,worst_hour,worst_hour_mean_waiting,swing,usable
12934659,"HÔPITAL MAISONNEUVE-ROSEMONT","Montréal",10,24,09:00,29.2,18:00,48.9,19.7,yes
51216687,"CHUS - HÔPITAL FLEURIMONT","Estrie",10,24,07:00,13.8,20:00,27.3,13.5,yes
51216695,"CHUS - HÔTEL-DIEU DE SHERBROOKE","Estrie",10,24,10:00,11.3,22:00,22.7,11.4,yes
51217529,"HÔPITAL DU SAINT-SACREMENT","Capitale-Nationale",10,24,06:00,4.8,20:00,18.9,14.1,yes
51217586,"L'HÔTEL-DIEU DE QUÉBEC","Capitale-Nationale",10,24,05:00,1.2,15:00,8.1,6.9,yes
51217594,"CENTRE HOSPITALIER DE L'UNIVERSITÉ LAVAL","Capitale-Nationale",10,24,08:00,12.2,00:00,27.0,14.8,yes
51217602,"HÔPITAL SAINT-FRANÇOIS D'ASSISE","Capitale-Nationale",10,24,07:00,5.0,16:00,19.0,14.0,yes
51217610,"HÔPITAL DE MONT-LAURIER","Laurentides",10,24,09:00,5.1,22:00,16.7,11.6,yes
51217628,"CENTRE MULTISERVICES DE SANTÉ ET DE SERVICES SOCIAUX DE RIVIÈRE-ROUGE","Laurentides",10,24,06:00,1.0,15:00,14.5,13.5,yes
51218097,"HÔPITAL DE VERDUN","Montréal",10,24,06:00,5.4,21:00,17.2,11.8,yes
51218352,"CENTRE HOSPITALIER RÉGIONAL DU GRAND-PORTAGE","Bas-Saint-Laurent",10,24,06:00,0.6,13:00,11.8,11.2,yes
51218394,"HÔPITAL DE CHICOUTIMI","Saguenay-Lac-Saint-Jean",10,24,06:00,12.4,15:00,32.7,20.3,yes
51218501,"CENTRE DE SANTÉ DE CHIBOUGAMAU","Nord-du-Québec",10,24,04:00,0.3,17:00,4.5,4.2,no
51218519,"CENTRE DE SANTÉ RENÉ-RICARD","Nord-du-Québec",10,24,08:00,0.0,15:00,1.3,1.3,no
51218527,"CENTRE DE SANTÉ LEBEL","Nord-du-Québec",10,24,00:00,0.0,11:00,1.0,1.0,no
51218535,"CENTRE DE SANTÉ ISLE-DIEU","Nord-du-Québec",10,24,12:00,0.1,09:00,1.2,1.1,no
51218543,"CENTRE DE SANTÉ DE RADISSON","Nord-du-Québec",10,24,00:00,0.0,18:00,0.1,0.1,no
51218733,"CENTRE MULTISERVICES DE SANTÉ ET DE SERVICES SOCIAUX DES ESCOUMINS","Côte-Nord",10,24,02:00,0.0,14:00,6.2,6.2,yes
51218741,"CENTRE MULTISERVICES DE SANTÉ ET DE SERVICES SOCIAUX DE FORESTVILLE","Côte-Nord",10,24,02:00,0.0,15:00,5.3,5.3,yes
51218980,"HÔPITAL DE MATANE","Bas-Saint-Laurent",10,24,05:00,0.3,15:00,9.2,8.9,yes
51219046,"CENTRE MULTISERVICES DE SANTÉ ET DE SERVICES SOCIAUX DE MEMPHRÉMAGOG","Estrie",10,24,06:00,3.7,16:00,15.7,12.0,yes
51219384,"HÔPITAL DE DOLBEAU-MISTASSINI","Saguenay-Lac-Saint-Jean",10,24,03:00,0.6,16:00,8.9,8.3,yes
51219400,"HÔPITAL D'ALMA","Saguenay-Lac-Saint-Jean",10,24,05:00,4.0,21:00,15.8,11.8,yes
51219418,"CLSC DE POHÉNÉGAMOOK","Bas-Saint-Laurent",10,24,03:00,0.0,15:00,4.2,4.2,no
51219459,"HÔPITAL ET CHSLD DU PONTIAC","Outaouais",10,24,02:00,0.3,18:00,6.3,6.0,yes
51219491,"CLSC ET CENTRE D'HÉBERGEMENT DE LA PETITE-NATION","Outaouais",10,24,00:00,0.0,13:00,4.5,4.5,no
51220903,"HÔPITAL DE GASPÉ","Gaspésie-Îles-de-la-Madeleine",10,24,06:00,1.2,16:00,6.8,5.6,yes
51220978,"CLSC ET CENTRE DE SERVICES AMBULATOIRES DE PASPÉBIAC","Gaspésie-Îles-de-la-Madeleine",10,24,01:00,0.0,16:00,6.8,6.8,yes
51221141,"HÔPITAL NOTRE-DAME-DE-FATIMA","Bas-Saint-Laurent",10,24,02:00,0.0,17:00,6.2,6.2,yes
51221307,"CLSC ET CENTRE DE SERVICES AMBULATOIRES DE MURDOCHVILLE","Gaspésie-Îles-de-la-Madeleine",10,24,17:00,0.7,13:00,2.2,1.5,no
51221364,"HÔPITAL DE LA BAIE","Saguenay-Lac-Saint-Jean",10,24,05:00,1.4,20:00,13.1,11.7,yes
51221703,"HÔPITAL DE GATINEAU","Outaouais",10,24,06:00,27.7,22:00,40.3,12.6,yes
51221711,"HÔPITAL DE HULL","Outaouais",10,24,09:00,14.7,23:00,26.1,11.4,yes
51221877,"HÔPITAL DE NOTRE-DAME-DU-LAC","Bas-Saint-Laurent",10,24,03:00,0.0,13:00,5.9,5.9,yes
51221893,"HÔPITAL DE MANIWAKI","Outaouais",10,24,02:00,0.3,16:00,9.0,8.7,yes
51222800,"CHU SAINTE-JUSTINE","Montréal",10,24,11:00,7.7,23:00,29.4,21.7,yes
51223279,"L'HÔPITAL DE MONTRÉAL POUR ENFANTS","Montréal",10,24,09:00,12.4,01:00,28.3,15.9,yes
51223295,"HÔPITAL ROYAL VICTORIA","Montréal",10,24,10:00,22.2,00:00,36.4,14.2,yes
51223832,"CENTRE MULTISERVICES DE SANTÉ ET DE SERVICES SOCIAUX DU GRANIT","Estrie",10,24,03:00,0.6,20:00,14.3,13.8,yes
51224392,"HÔPITAL DE LASALLE","Montréal",10,24,06:00,11.3,16:00,19.6,8.3,yes
51224541,"HÔPITAL ET CENTRE DE RÉADAPTATION DE JONQUIÈRE","Saguenay-Lac-Saint-Jean",10,24,06:00,5.0,22:00,17.4,12.4,yes
51225001,"CENTRE MULTISERVICES DE SANTÉ ET DE SERVICES SOCIAUX CHAUVEAU","Capitale-Nationale",10,24,01:00,0.0,17:00,29.0,29.0,yes
51225357,"CENTRE MULTISERVICES DE SANTÉ ET DE SERVICES SOCIAUX DE SAINTE-ANNE-DE-BEAUPRÉ","Capitale-Nationale",10,24,04:00,0.2,16:00,8.4,8.2,yes
51225589,"HÔPITAL DE VAL-D'OR","Abitibi-Témiscamingue",10,24,05:00,5.4,21:00,17.2,11.8,yes
51226892,"HÔPITAL D'AMQUI","Bas-Saint-Laurent",10,24,03:00,0.0,15:00,7.3,7.3,yes
51227569,"HÔTEL-DIEU DE LÉVIS","Chaudière-Appalaches",10,24,05:00,6.1,15:00,27.2,21.1,yes
51227775,"HÔPITAL DE CHANDLER","Gaspésie-Îles-de-la-Madeleine",10,24,05:00,0.4,19:00,9.7,9.2,yes
51227783,"HÔPITAL DE L'ARCHIPEL","Gaspésie-Îles-de-la-Madeleine",10,24,02:00,0.0,20:00,4.0,4.0,no
51227882,"HÔPITAL RÉGIONAL DE RIMOUSKI","Bas-Saint-Laurent",10,24,07:00,5.4,15:00,17.0,11.6,yes
51227908,"HÔPITAL ET GROUPE DE MÉDECINE DE FAMILLE UNIVERSITAIRE DE MARIA","Gaspésie-Îles-de-la-Madeleine",10,24,05:00,0.8,17:00,9.7,8.9,yes
51228005,"HÔPITAL BARRIE MEMORIAL / BARRIE MEMORIAL HOSPITAL","Montérégie",10,24,09:00,17.3,15:00,25.8,8.5,yes
51228062,"HÔPITAL PIERRE-LE GARDEUR","Lanaudière",10,24,10:00,23.5,21:00,50.5,27.0,yes
51228120,"HÔPITAL DE GRANBY","Estrie",10,24,10:00,20.6,22:00,36.4,15.8,yes
51228203,"HÔPITAL ET CENTRE D'HÉBERGEMENT DE ROBERVAL","Saguenay-Lac-Saint-Jean",10,24,04:00,0.9,20:00,10.1,9.2,yes
51228278,"HÔPITAL GÉNÉRAL DU LAKESHORE","Montréal",10,24,06:00,7.4,18:00,26.9,19.5,yes
51228310,"HÔPITAL DE LACHINE","Montréal",10,24,04:00,4.4,17:00,11.4,7.0,yes
51228690,"HÔPITAL ET CLSC DE LA MALBAIE","Capitale-Nationale",10,24,03:00,0.0,15:00,5.6,5.6,yes
51228757,"HÔPITAL DE LA CITÉ-DE-LA-SANTÉ","Laval",10,24,09:00,24.9,16:00,53.3,28.4,yes
51228765,"CLSC ET HÔPITAL LE ROYER","Côte-Nord",10,24,05:00,1.2,22:00,11.1,9.9,yes
51228799,"HÔPITAL ET CHSLD MÉMORIAL DE WAKEFIELD / WAKEFIELD MEMORIAL HOSPITAL","Outaouais",10,24,06:00,1.6,15:00,14.6,13.0,yes
51228823,"HÔPITAL ET CHSLD DE PAPINEAU","Outaouais",10,24,07:00,5.8,16:00,15.9,10.1,yes
51228864,"HÔPITAL DE SAINT-EUSTACHE","Laurentides",10,24,06:00,20.9,22:00,45.8,24.9,yes
51228880,"HÔPITAL DE SAINT-JÉRÔME","Laurentides",10,24,05:00,26.1,22:00,42.3,16.2,yes
51228906,"HÔPITAL D'AMOS","Abitibi-Témiscamingue",10,24,06:00,0.7,16:00,12.0,11.3,yes
51228922,"HÔPITAL DE ROUYN-NORANDA","Abitibi-Témiscamingue",10,24,06:00,4.1,20:00,20.6,16.5,yes
51228971,"HÔPITAL DE SAINT-GEORGES","Chaudière-Appalaches",10,24,05:00,7.2,16:00,21.4,14.2,yes
51229011,"HÔPITAL PIERRE-BOUCHER","Montérégie",10,24,11:00,35.9,22:00,57.4,21.5,yes
51229045,"HÔPITAL DU HAUT-RICHELIEU","Montérégie",10,24,08:00,20.7,16:00,39.8,19.1,yes
51229102,"HÔTEL-DIEU DE SOREL","Montérégie",10,24,05:00,9.2,16:00,22.7,13.5,yes
51229136,"HÔPITAL DU SUROÎT","Montérégie",10,24,06:00,6.9,15:00,18.5,11.6,yes
51229151,"HÔPITAL ANNA-LABERGE","Montérégie",10,24,09:00,20.3,16:00,34.2,13.9,yes
51229185,"HÔPITAL BROME-MISSISQUOI-PERKINS","Estrie",10,24,07:00,11.0,20:00,25.9,14.9,yes
51229193,"HÔPITAL HONORÉ-MERCIER","Montérégie",10,24,07:00,17.5,21:00,39.8,22.3,yes
51232023,"HÔPITAL ET CLSC DE SEPT-ÎLES","Côte-Nord",10,24,06:00,4.8,16:00,16.4,11.6,yes
51232130,"INSTITUT UNIVERSITAIRE DE CARDIOLOGIE ET DE PNEUMOLOGIE DE QUÉBEC","Capitale-Nationale",10,24,07:00,2.4,15:00,17.5,15.1,yes
51233799,"HÔPITAL CHARLES-LE MOYNE","Montérégie",10,24,09:00,31.5,23:00,63.8,32.3,yes
51233914,"HÔPITAL DE L'ENFANT-JÉSUS","Capitale-Nationale",10,24,06:00,7.4,16:00,29.2,21.8,yes
51235190,"HÔPITAL DOUGLAS","Montréal",10,24,08:00,0.1,16:00,4.6,4.5,no
51235307,"INSTITUT UNIVERSITAIRE EN SANTÉ MENTALE DE MONTRÉAL","Montréal",10,24,00:00,0.3,14:00,1.7,1.4,no
51235919,"HÔPITAL SANTA CABRINI","Montréal",10,24,08:00,8.9,17:00,24.7,15.8,yes
51236156,"CENTRE MULTISERVICES DE SANTÉ ET DE SERVICES SOCIAUX DE TROIS-PISTOLES","Bas-Saint-Laurent",10,24,03:00,0.0,16:00,5.4,5.4,yes
51236297,"CENTRE HOSPITALIER DE L'UNIVERSITÉ DE MONTRÉAL","Montréal",10,24,11:00,33.5,01:00,41.2,7.7,yes
51236313,"HÔPITAL NOTRE-DAME","Montréal",10,24,09:00,5.3,16:00,19.3,14.0,yes
51244804,"CENTRE MULTISERVICES DE SANTÉ ET DE SERVICES SOCIAUX DE BAIE-SAINT-PAUL","Capitale-Nationale",10,24,06:00,0.2,18:00,7.3,7.1,yes
51244945,"HÔPITAL DE LANAUDIÈRE ET CENTRE D'HÉBERGEMENT PARPHILIA-FERLAND","Lanaudière",10,24,06:00,15.8,22:00,46.8,31.0,yes
51245058,"CENTRE MULTISERVICES DE SANTÉ ET DE SERVICES SOCIAUX DE MANSFIELD-ET-PONTEFRACT","Outaouais",10,24,01:00,0.1,11:00,4.2,4.1,no
51245108,"CENTRE MULTISERVICES DE SANTÉ ET DE SERVICES SOCIAUX DE FERMONT","Côte-Nord",10,24,00:00,2.4,17:00,5.4,3.0,no
51245116,"CENTRE MULTISERVICES DE SANTÉ ET DE SERVICES SOCIAUX DE LA MINGANIE","Côte-Nord",10,24,00:00,0.1,10:00,2.8,2.7,no
51245132,"CENTRE MULTISERVICES DE SANTÉ ET DE SERVICES SOCIAUX DE PORT-CARTIER","Côte-Nord",10,24,03:00,0.0,17:00,6.3,6.3,yes
51245140,"CENTRE MULTISERVICES DE SANTÉ ET DE SERVICES SOCIAUX DE LA BASSE-CÔTE-NORD","Côte-Nord",10,24,00:00,0.0,16:00,1.5,1.5,no
51245199,"CHSLD ET HÔPITAL PAUL-GILBERT","Chaudière-Appalaches",10,24,01:00,0.0,15:00,19.7,19.7,yes
51245223,"HÔPITAL DE MONTMAGNY","Chaudière-Appalaches",10,24,06:00,1.0,16:00,13.5,12.5,yes
51245231,"HÔPITAL DE THETFORD","Chaudière-Appalaches",10,24,04:00,2.9,15:00,17.7,14.8,yes
51245306,"CENTRE MULTISERVICES DE SANTÉ ET DE SERVICES SOCIAUX D'ARGENTEUIL","Laurentides",10,24,06:00,3.5,21:00,15.0,11.5,yes
51246874,"CENTRE MULTISERVICES DE SANTÉ ET DE SERVICES SOCIAUX DE SAINTE-AGATHE","Laurentides",10,24,07:00,10.7,16:00,22.4,11.7,yes
51247302,"CENTRE MULTISERVICES DE SANTÉ ET DE SERVICES SOCIAUX DE SAINT-RAYMOND","Capitale-Nationale",10,24,06:00,0.4,18:00,8.7,8.3,yes
51247344,"CENTRE MULTISERVICES DE SANTÉ ET DE SERVICES SOCIAUX DE SAINT-MARC-DES-CARRIÈRES","Capitale-Nationale",10,24,06:00,0.2,15:00,5.7,5.5,yes
51247476,"CENTRE MULTISERVICES DE SANTÉ ET DE SERVICES SOCIAUX DE TÉMISCAMING-KIPAWA","Abitibi-Témiscamingue",10,24,00:00,0.0,14:00,1.8,1.8,no
51247542,"CENTRE MULTISERVICES DE SANTÉ ET DE SERVICES SOCIAUX DE VILLE-MARIE","Abitibi-Témiscamingue",10,24,05:00,0.3,17:00,7.3,7.0,yes
51247559,"CENTRE MULTISERVICES DE SANTÉ ET DE SERVICES SOCIAUX DE LA SARRE","Abitibi-Témiscamingue",10,24,04:00,0.6,15:00,8.7,8.1,yes
51247583,"CENTRE MULTISERVICES DE SANTÉ ET DE SERVICES SOCIAUX DES SOURCES","Estrie",10,24,06:00,0.6,20:00,14.2,13.6,yes
51247617,"CENTRE MULTISERVICES DE SANTÉ ET DE SERVICES SOCIAUX DE LA MRC DE COATICOOK","Estrie",10,24,00:00,0.0,12:00,17.0,17.0,yes
51247732,"CENTRE MULTISERVICES DE SANTÉ ET DE SERVICES SOCIAUX DE GRANDE-VALLÉE","Gaspésie-Îles-de-la-Madeleine",10,24,00:00,0.0,10:00,2.8,2.8,no
51247799,"HÔPITAL ET CLSC DE SAINTE-ANNE-DES-MONTS","Gaspésie-Îles-de-la-Madeleine",10,24,01:00,0.0,11:00,6.8,6.8,yes
51248201,"INSTITUT DE CARDIOLOGIE DE MONTRÉAL","Montréal",10,24,04:00,0.7,13:00,5.7,5.0,yes
51248219,"HÔPITAL GÉNÉRAL DE MONTRÉAL","Montréal",10,24,09:00,6.3,16:00,17.2,10.9,yes
51248243,"CENTRE HOSPITALIER DE ST. MARY","Montréal",10,24,05:00,10.9,16:00,18.9,8.0,yes
51248250,"HÔPITAL GÉNÉRAL JUIF","Montréal",10,24,06:00,12.2,16:00,49.4,37.2,yes
