facility_id,facility_name,region,archive_hours,hours_with_occupancy_pct,hours_with_waiting,hours_with_present,coverage_pct,longest_gap_hours,first_reading,last_reading
51233583,CENTRE MULTISERVICES DE SANTÉ ET DE SERVICES SOCIAUX AVELLIN-DALCOURT,Mauricie et Centre-du-Québec,232,0,0,0,0.0,232,,
51246338,CENTRE MULTISERVICES DE SANTÉ ET DE SERVICES SOCIAUX CHRIST-ROI,Mauricie et Centre-du-Québec,232,0,0,0,0.0,232,,
51219160,CENTRE MULTISERVICES DE SANTÉ ET DE SERVICES SOCIAUX DE FORTIERVILLE,Mauricie et Centre-du-Québec,232,0,0,0,0.0,232,,
51219731,CENTRE MULTISERVICES DE SANTÉ ET DE SERVICES SOCIAUX DU HAUT-SAINT-MAURICE,Mauricie et Centre-du-Québec,232,0,0,0,0.0,232,,
51245199,CHSLD ET HÔPITAL PAUL-GILBERT,Chaudière-Appalaches,232,0,232,232,0.0,232,,
51220051,HÔPITAL DU CENTRE-DE-LA-MAURICIE,Mauricie et Centre-du-Québec,232,0,0,0,0.0,232,,
12475976,HÔPITAL DU SACRÉ-COEUR-DE-MONTRÉAL,Montréal,232,0,0,0,0.0,232,,
51848752,HÔPITAL EN SANTÉ MENTALE ALBERT-PRÉVOST,Montréal,232,0,0,0,0.0,232,,
51228492,HÔPITAL FLEURY,Montréal,232,0,0,0,0.0,232,,
51228500,HÔPITAL JEAN-TALON,Montréal,232,0,0,0,0.0,232,,
51228781,HÔPITAL SAINTE-CROIX,Mauricie et Centre-du-Québec,232,0,0,0,0.0,232,,
51228039,HÔTEL-DIEU D'ARTHABASKA,Mauricie et Centre-du-Québec,232,0,0,0,0.0,232,,
51220168,PAVILLON SAINTE-MARIE,Mauricie et Centre-du-Québec,232,0,0,0,0.0,232,,
51229151,HÔPITAL ANNA-LABERGE,Montérégie,232,228,228,228,98.3,1,2026-09-02T06:00,2026-09-11T21:00
51233799,HÔPITAL CHARLES-LE MOYNE,Montérégie,232,229,229,229,98.7,1,2026-09-02T06:00,2026-09-11T21:00
51228062,HÔPITAL PIERRE-LE GARDEUR,Lanaudière,232,229,229,229,98.7,1,2026-09-02T06:00,2026-09-11T21:00
51248250,HÔPITAL GÉNÉRAL JUIF,Montréal,232,230,230,230,99.1,1,2026-09-02T06:00,2026-09-11T21:00
51236297,CENTRE HOSPITALIER DE L'UNIVERSITÉ DE MONTRÉAL,Montréal,232,231,231,231,99.6,1,2026-09-02T06:00,2026-09-11T21:00
51236156,CENTRE MULTISERVICES DE SANTÉ ET DE SERVICES SOCIAUX DE TROIS-PISTOLES,Bas-Saint-Laurent,232,231,231,231,99.6,1,2026-09-02T06:00,2026-09-11T21:00
51222800,CHU SAINTE-JUSTINE,Montréal,232,231,231,231,99.6,1,2026-09-02T06:00,2026-09-11T21:00
51218394,HÔPITAL DE CHICOUTIMI,Saguenay-Lac-Saint-Jean,232,231,231,231,99.6,1,2026-09-02T06:00,2026-09-11T21:00
51221703,HÔPITAL DE GATINEAU,Outaouais,232,231,231,231,99.6,1,2026-09-02T06:00,2026-09-11T21:00
51221711,HÔPITAL DE HULL,Outaouais,232,231,231,231,99.6,1,2026-09-02T06:00,2026-09-11T21:00
51228757,HÔPITAL DE LA CITÉ-DE-LA-SANTÉ,Laval,232,231,231,231,99.6,1,2026-09-02T06:00,2026-09-11T21:00
51245231,HÔPITAL DE THETFORD,Chaudière-Appalaches,232,231,231,231,99.6,1,2026-09-02T06:00,2026-09-11T21:00
51228278,HÔPITAL GÉNÉRAL DU LAKESHORE,Montréal,232,231,231,231,99.6,1,2026-09-02T06:00,2026-09-11T21:00
51229193,HÔPITAL HONORÉ-MERCIER,Montérégie,232,231,231,231,99.6,1,2026-09-02T06:00,2026-09-11T21:00
12934659,HÔPITAL MAISONNEUVE-ROSEMONT,Montréal,232,231,231,231,99.6,1,2026-09-02T06:00,2026-09-11T21:00
51236313,HÔPITAL NOTRE-DAME,Montréal,232,231,231,231,99.6,1,2026-09-02T06:00,2026-09-11T21:00
51235919,HÔPITAL SANTA CABRINI,Montréal,232,231,231,231,99.6,1,2026-09-02T06:00,2026-09-11T21:00
51218501,CENTRE DE SANTÉ DE CHIBOUGAMAU,Nord-du-Québec,232,232,232,232,100.0,0,2026-09-02T06:00,2026-09-11T21:00
51218543,CENTRE DE SANTÉ DE RADISSON,Nord-du-Québec,232,232,232,232,100.0,0,2026-09-02T06:00,2026-09-11T21:00
51218535,CENTRE DE SANTÉ ISLE-DIEU,Nord-du-Québec,232,232,232,232,100.0,0,2026-09-02T06:00,2026-09-11T21:00
51218527,CENTRE DE SANTÉ LEBEL,Nord-du-Québec,232,232,232,232,100.0,0,2026-09-02T06:00,2026-09-11T21:00
51218519,CENTRE DE SANTÉ RENÉ-RICARD,Nord-du-Québec,232,232,232,232,100.0,0,2026-09-02T06:00,2026-09-11T21:00
51217594,CENTRE HOSPITALIER DE L'UNIVERSITÉ LAVAL,Capitale-Nationale,232,232,232,232,100.0,0,2026-09-02T06:00,2026-09-11T21:00
51248243,CENTRE HOSPITALIER DE ST. MARY,Montréal,232,232,232,232,100.0,0,2026-09-02T06:00,2026-09-11T21:00
51218352,CENTRE HOSPITALIER RÉGIONAL DU GRAND-PORTAGE,Bas-Saint-Laurent,232,232,232,232,100.0,0,2026-09-02T06:00,2026-09-11T21:00
51225001,CENTRE MULTISERVICES DE SANTÉ ET DE SERVICES SOCIAUX CHAUVEAU,Capitale-Nationale,232,232,232,232,100.0,0,2026-09-02T06:00,2026-09-11T21:00
51245306,CENTRE MULTISERVICES DE SANTÉ ET DE SERVICES SOCIAUX D'ARGENTEUIL,Laurentides,232,232,232,232,100.0,0,2026-09-02T06:00,2026-09-11T21:00
51244804,CENTRE MULTISERVICES DE SANTÉ ET DE SERVICES SOCIAUX DE BAIE-SAINT-PAUL,Capitale-Nationale,232,232,232,232,100.0,0,2026-09-02T06:00,2026-09-11T21:00
51245108,CENTRE MULTISERVICES DE SANTÉ ET DE SERVICES SOCIAUX DE FERMONT,Côte-Nord,232,232,232,232,100.0,0,2026-09-02T06:00,2026-09-11T21:00
51218741,CENTRE MULTISERVICES DE SANTÉ ET DE SERVICES SOCIAUX DE FORESTVILLE,Côte-Nord,232,232,232,232,100.0,0,2026-09-02T06:00,2026-09-11T21:00
51247732,CENTRE MULTISERVICES DE SANTÉ ET DE SERVICES SOCIAUX DE GRANDE-VALLÉE,Gaspésie-Îles-de-la-Madeleine,232,232,232,232,100.0,0,2026-09-02T06:00,2026-09-11T21:00
51245140,CENTRE MULTISERVICES DE SANTÉ ET DE SERVICES SOCIAUX DE LA BASSE-CÔTE-NORD,Côte-Nord,232,232,232,232,100.0,0,2026-09-02T06:00,2026-09-11T21:00
51245116,CENTRE MULTISERVICES DE SANTÉ ET DE SERVICES SOCIAUX DE LA MINGANIE,Côte-Nord,232,232,232,232,100.0,0,2026-09-02T06:00,2026-09-11T21:00
51247617,CENTRE MULTISERVICES DE SANTÉ ET DE SERVICES SOCIAUX DE LA MRC DE COATICOOK,Estrie,232,232,232,232,100.0,0,2026-09-02T06:00,2026-09-11T21:00
51247559,CENTRE MULTISERVICES DE SANTÉ ET DE SERVICES SOCIAUX DE LA SARRE,Abitibi-Témiscamingue,232,232,232,232,100.0,0,2026-09-02T06:00,2026-09-11T21:00
51245058,CENTRE MULTISERVICES DE SANTÉ ET DE SERVICES SOCIAUX DE MANSFIELD-ET-PONTEFRACT,Outaouais,232,232,232,232,100.0,0,2026-09-02T06:00,2026-09-11T21:00
51219046,CENTRE MULTISERVICES DE SANTÉ ET DE SERVICES SOCIAUX DE MEMPHRÉMAGOG,Estrie,232,232,232,232,100.0,0,2026-09-02T06:00,2026-09-11T21:00
51245132,CENTRE MULTISERVICES DE SANTÉ ET DE SERVICES SOCIAUX DE PORT-CARTIER,Côte-Nord,232,232,232,232,100.0,0,2026-09-02T06:00,2026-09-11T21:00
51217628,CENTRE MULTISERVICES DE SANTÉ ET DE SERVICES SOCIAUX DE RIVIÈRE-ROUGE,Laurentides,232,232,232,232,100.0,0,2026-09-02T06:00,2026-09-11T21:00
51247344,CENTRE MULTISERVICES DE SANTÉ ET DE SERVICES SOCIAUX DE SAINT-MARC-DES-CARRIÈRES,Capitale-Nationale,232,232,232,232,100.0,0,2026-09-02T06:00,2026-09-11T21:00
51247302,CENTRE MULTISERVICES DE SANTÉ ET DE SERVICES SOCIAUX DE SAINT-RAYMOND,Capitale-Nationale,232,232,232,232,100.0,0,2026-09-02T06:00,2026-09-11T21:00
51246874,CENTRE MULTISERVICES DE SANTÉ ET DE SERVICES SOCIAUX DE SAINTE-AGATHE,Laurentides,232,232,232,232,100.0,0,2026-09-02T06:00,2026-09-11T21:00
51225357,CENTRE MULTISERVICES DE SANTÉ ET DE SERVICES SOCIAUX DE SAINTE-ANNE-DE-BEAUPRÉ,Capitale-Nationale,232,232,232,232,100.0,0,2026-09-02T06:00,2026-09-11T21:00
51247476,CENTRE MULTISERVICES DE SANTÉ ET DE SERVICES SOCIAUX DE TÉMISCAMING-KIPAWA,Abitibi-Témiscamingue,232,232,232,232,100.0,0,2026-09-02T06:00,2026-09-11T21:00
51247542,CENTRE MULTISERVICES DE SANTÉ ET DE SERVICES SOCIAUX DE VILLE-MARIE,Abitibi-Témiscamingue,232,232,232,232,100.0,0,2026-09-02T06:00,2026-09-11T21:00
51218733,CENTRE MULTISERVICES DE SANTÉ ET DE SERVICES SOCIAUX DES ESCOUMINS,Côte-Nord,232,232,232,232,100.0,0,2026-09-02T06:00,2026-09-11T21:00
51247583,CENTRE MULTISERVICES DE SANTÉ ET DE SERVICES SOCIAUX DES SOURCES,Estrie,232,232,232,232,100.0,0,2026-09-02T06:00,2026-09-11T21:00
51223832,CENTRE MULTISERVICES DE SANTÉ ET DE SERVICES SOCIAUX DU GRANIT,Estrie,232,232,232,232,100.0,0,2026-09-02T06:00,2026-09-11T21:00
51216687,CHUS - HÔPITAL FLEURIMONT,Estrie,232,232,232,232,100.0,0,2026-09-02T06:00,2026-09-11T21:00
51216695,CHUS - HÔTEL-DIEU DE SHERBROOKE,Estrie,232,232,232,232,100.0,0,2026-09-02T06:00,2026-09-11T21:00
51219418,CLSC DE POHÉNÉGAMOOK,Bas-Saint-Laurent,232,232,232,232,100.0,0,2026-09-02T06:00,2026-09-11T21:00
51219491,CLSC ET CENTRE D'HÉBERGEMENT DE LA PETITE-NATION,Outaouais,232,232,232,232,100.0,0,2026-09-02T06:00,2026-09-11T21:00
51221307,CLSC ET CENTRE DE SERVICES AMBULATOIRES DE MURDOCHVILLE,Gaspésie-Îles-de-la-Madeleine,232,232,232,232,100.0,0,2026-09-02T06:00,2026-09-11T21:00
51220978,CLSC ET CENTRE DE SERVICES AMBULATOIRES DE PASPÉBIAC,Gaspésie-Îles-de-la-Madeleine,232,232,232,232,100.0,0,2026-09-02T06:00,2026-09-11T21:00
51228765,CLSC ET HÔPITAL LE ROYER,Côte-Nord,232,232,232,232,100.0,0,2026-09-02T06:00,2026-09-11T21:00
51228005,HÔPITAL BARRIE MEMORIAL / BARRIE MEMORIAL HOSPITAL,Montérégie,232,232,232,232,100.0,0,2026-09-02T06:00,2026-09-11T21:00
51229185,HÔPITAL BROME-MISSISQUOI-PERKINS,Estrie,232,232,232,232,100.0,0,2026-09-02T06:00,2026-09-11T21:00
51219400,HÔPITAL D'ALMA,Saguenay-Lac-Saint-Jean,232,232,232,232,100.0,0,2026-09-02T06:00,2026-09-11T21:00
51228906,HÔPITAL D'AMOS,Abitibi-Témiscamingue,232,232,232,232,100.0,0,2026-09-02T06:00,2026-09-11T21:00
51226892,HÔPITAL D'AMQUI,Bas-Saint-Laurent,232,232,232,232,100.0,0,2026-09-02T06:00,2026-09-11T21:00
51227775,HÔPITAL DE CHANDLER,Gaspésie-Îles-de-la-Madeleine,232,232,232,232,100.0,0,2026-09-02T06:00,2026-09-11T21:00
51219384,HÔPITAL DE DOLBEAU-MISTASSINI,Saguenay-Lac-Saint-Jean,232,232,232,232,100.0,0,2026-09-02T06:00,2026-09-11T21:00
51220903,HÔPITAL DE GASPÉ,Gaspésie-Îles-de-la-Madeleine,232,232,232,232,100.0,0,2026-09-02T06:00,2026-09-11T21:00
51228120,HÔPITAL DE GRANBY,Estrie,232,232,232,232,100.0,0,2026-09-02T06:00,2026-09-11T21:00
51227783,HÔPITAL DE L'ARCHIPEL,Gaspésie-Îles-de-la-Madeleine,232,232,232,232,100.0,0,2026-09-02T06:00,2026-09-11T21:00
51233914,HÔPITAL DE L'ENFANT-JÉSUS,Capitale-Nationale,232,232,232,232,100.0,0,2026-09-02T06:00,2026-09-11T21:00
51221364,HÔPITAL DE LA BAIE,Saguenay-Lac-Saint-Jean,232,232,232,232,100.0,0,2026-09-02T06:00,2026-09-11T21:00
51228310,HÔPITAL DE LACHINE,Montréal,232,232,232,232,100.0,0,2026-09-02T06:00,2026-09-11T21:00
51244945,HÔPITAL DE LANAUDIÈRE ET CENTRE D'HÉBERGEMENT PARPHILIA-FERLAND,Lanaudière,232,232,232,232,100.0,0,2026-09-02T06:00,2026-09-11T21:00
51224392,HÔPITAL DE LASALLE,Montréal,232,232,232,232,100.0,0,2026-09-02T06:00,2026-09-11T21:00
51221893,HÔPITAL DE MANIWAKI,Outaouais,232,232,232,232,100.0,0,2026-09-02T06:00,2026-09-11T21:00
51218980,HÔPITAL DE MATANE,Bas-Saint-Laurent,232,232,232,232,100.0,0,2026-09-02T06:00,2026-09-11T21:00
51217610,HÔPITAL DE MONT-LAURIER,Laurentides,232,232,232,232,100.0,0,2026-09-02T06:00,2026-09-11T21:00
51245223,HÔPITAL DE MONTMAGNY,Chaudière-Appalaches,232,232,232,232,100.0,0,2026-09-02T06:00,2026-09-11T21:00
51221877,HÔPITAL DE NOTRE-DAME-DU-LAC,Bas-Saint-Laurent,232,232,232,232,100.0,0,2026-09-02T06:00,2026-09-11T21:00
51228922,HÔPITAL DE ROUYN-NORANDA,Abitibi-Témiscamingue,232,232,232,232,100.0,0,2026-09-02T06:00,2026-09-11T21:00
51228864,HÔPITAL DE SAINT-EUSTACHE,Laurentides,232,232,232,232,100.0,0,2026-09-02T06:00,2026-09-11T21:00
51228971,HÔPITAL DE SAINT-GEORGES,Chaudière-Appalaches,232,232,232,232,100.0,0,2026-09-02T06:00,2026-09-11T21:00
51228880,HÔPITAL DE SAINT-JÉRÔME,Laurentides,232,232,232,232,100.0,0,2026-09-02T06:00,2026-09-11T21:00
51225589,HÔPITAL DE VAL-D'OR,Abitibi-Témiscamingue,232,232,232,232,100.0,0,2026-09-02T06:00,2026-09-11T21:00
51218097,HÔPITAL DE VERDUN,Montréal,232,232,232,232,100.0,0,2026-09-02T06:00,2026-09-11T21:00
51235190,HÔPITAL DOUGLAS,Montréal,232,232,232,232,100.0,0,2026-09-02T06:00,2026-09-11T21:00
51229045,HÔPITAL DU HAUT-RICHELIEU,Montérégie,232,232,232,232,100.0,0,2026-09-02T06:00,2026-09-11T21:00
51217529,HÔPITAL DU SAINT-SACREMENT,Capitale-Nationale,232,232,232,232,100.0,0,2026-09-02T06:00,2026-09-11T21:00
51229136,HÔPITAL DU SUROÎT,Montérégie,232,232,232,232,100.0,0,2026-09-02T06:00,2026-09-11T21:00
51228203,HÔPITAL ET CENTRE D'HÉBERGEMENT DE ROBERVAL,Saguenay-Lac-Saint-Jean,232,232,232,232,100.0,0,2026-09-02T06:00,2026-09-11T21:00
51224541,HÔPITAL ET CENTRE DE RÉADAPTATION DE JONQUIÈRE,Saguenay-Lac-Saint-Jean,232,232,232,232,100.0,0,2026-09-02T06:00,2026-09-11T21:00
51228823,HÔPITAL ET CHSLD DE PAPINEAU,Outaouais,232,232,232,232,100.0,0,2026-09-02T06:00,2026-09-11T21:00
51219459,HÔPITAL ET CHSLD DU PONTIAC,Outaouais,232,232,232,232,100.0,0,2026-09-02T06:00,2026-09-11T21:00
51228799,HÔPITAL ET CHSLD MÉMORIAL DE WAKEFIELD / WAKEFIELD MEMORIAL HOSPITAL,Outaouais,232,232,232,232,100.0,0,2026-09-02T06:00,2026-09-11T21:00
51228690,HÔPITAL ET CLSC DE LA MALBAIE,Capitale-Nationale,232,232,232,232,100.0,0,2026-09-02T06:00,2026-09-11T21:00
51247799,HÔPITAL ET CLSC DE SAINTE-ANNE-DES-MONTS,Gaspésie-Îles-de-la-Madeleine,232,232,232,232,100.0,0,2026-09-02T06:00,2026-09-11T21:00
51232023,HÔPITAL ET CLSC DE SEPT-ÎLES,Côte-Nord,232,232,232,232,100.0,0,2026-09-02T06:00,2026-09-11T21:00
51227908,HÔPITAL ET GROUPE DE MÉDECINE DE FAMILLE UNIVERSITAIRE DE MARIA,Gaspésie-Îles-de-la-Madeleine,232,232,232,232,100.0,0,2026-09-02T06:00,2026-09-11T21:00
51248219,HÔPITAL GÉNÉRAL DE MONTRÉAL,Montréal,232,232,232,232,100.0,0,2026-09-02T06:00,2026-09-11T21:00
51221141,HÔPITAL NOTRE-DAME-DE-FATIMA,Bas-Saint-Laurent,232,232,232,232,100.0,0,2026-09-02T06:00,2026-09-11T21:00
51229011,HÔPITAL PIERRE-BOUCHER,Montérégie,232,232,232,232,100.0,0,2026-09-02T06:00,2026-09-11T21:00
51227882,HÔPITAL RÉGIONAL DE RIMOUSKI,Bas-Saint-Laurent,232,232,232,232,100.0,0,2026-09-02T06:00,2026-09-11T21:00
51223295,HÔPITAL ROYAL VICTORIA,Montréal,232,232,232,232,100.0,0,2026-09-02T06:00,2026-09-11T21:00
51217602,HÔPITAL SAINT-FRANÇOIS D'ASSISE,Capitale-Nationale,232,232,232,232,100.0,0,2026-09-02T06:00,2026-09-11T21:00
51227569,HÔTEL-DIEU DE LÉVIS,Chaudière-Appalaches,232,232,232,232,100.0,0,2026-09-02T06:00,2026-09-11T21:00
51229102,HÔTEL-DIEU DE SOREL,Montérégie,232,232,232,232,100.0,0,2026-09-02T06:00,2026-09-11T21:00
51248201,INSTITUT DE CARDIOLOGIE DE MONTRÉAL,Montréal,232,232,232,232,100.0,0,2026-09-02T06:00,2026-09-11T21:00
51232130,INSTITUT UNIVERSITAIRE DE CARDIOLOGIE ET DE PNEUMOLOGIE DE QUÉBEC,Capitale-Nationale,232,232,232,232,100.0,0,2026-09-02T06:00,2026-09-11T21:00
51235307,INSTITUT UNIVERSITAIRE EN SANTÉ MENTALE DE MONTRÉAL,Montréal,232,232,232,232,100.0,0,2026-09-02T06:00,2026-09-11T21:00
51223279,L'HÔPITAL DE MONTRÉAL POUR ENFANTS,Montréal,232,232,232,232,100.0,0,2026-09-02T06:00,2026-09-11T21:00
51217586,L'HÔTEL-DIEU DE QUÉBEC,Capitale-Nationale,232,232,232,232,100.0,0,2026-09-02T06:00,2026-09-11T21:00
