region_code,permis_a,installation_a,permis_b,installation_b,hours_compared,pct_hours_a_shorter,pct_hours_b_shorter,pct_tied,mean_gap_people
06,12934659,HÔPITAL MAISONNEUVE-ROSEMONT,51218097,HÔPITAL DE VERDUN,251,2,98,0,26.9
06,12934659,HÔPITAL MAISONNEUVE-ROSEMONT,51222800,CHU SAINTE-JUSTINE,250,10,89,2,24.3
06,12934659,HÔPITAL MAISONNEUVE-ROSEMONT,51223279,L'HÔPITAL DE MONTRÉAL POUR ENFANTS,251,15,84,1,24.6
06,12934659,HÔPITAL MAISONNEUVE-ROSEMONT,51223295,HÔPITAL ROYAL VICTORIA,251,30,69,1,16.2
06,12934659,HÔPITAL MAISONNEUVE-ROSEMONT,51224392,HÔPITAL DE LASALLE,251,5,94,1,24.4
06,12934659,HÔPITAL MAISONNEUVE-ROSEMONT,51228278,HÔPITAL GÉNÉRAL DU LAKESHORE,250,7,92,1,23.1
06,12934659,HÔPITAL MAISONNEUVE-ROSEMONT,51228310,HÔPITAL DE LACHINE,251,1,98,1,31.2
06,12934659,HÔPITAL MAISONNEUVE-ROSEMONT,51235190,HÔPITAL DOUGLAS,251,0,100,0,37.7
06,12934659,HÔPITAL MAISONNEUVE-ROSEMONT,51235307,INSTITUT UNIVERSITAIRE EN SANTÉ MENTALE DE MONTRÉAL,251,0,100,0,38.6
06,12934659,HÔPITAL MAISONNEUVE-ROSEMONT,51235919,HÔPITAL SANTA CABRINI,250,4,94,1,23.2
06,12934659,HÔPITAL MAISONNEUVE-ROSEMONT,51236297,CENTRE HOSPITALIER DE L'UNIVERSITÉ DE MONTRÉAL,250,46,50,3,13.5
06,12934659,HÔPITAL MAISONNEUVE-ROSEMONT,51236313,HÔPITAL NOTRE-DAME,250,1,98,1,27.2
06,12934659,HÔPITAL MAISONNEUVE-ROSEMONT,51248201,INSTITUT DE CARDIOLOGIE DE MONTRÉAL,251,0,100,0,37
06,12934659,HÔPITAL MAISONNEUVE-ROSEMONT,51248219,HÔPITAL GÉNÉRAL DE MONTRÉAL,251,2,98,0,27.8
06,12934659,HÔPITAL MAISONNEUVE-ROSEMONT,51248243,CENTRE HOSPITALIER DE ST. MARY,251,2,96,2,24.9
06,12934659,HÔPITAL MAISONNEUVE-ROSEMONT,51248250,HÔPITAL GÉNÉRAL JUIF,249,27,72,2,15.8
05,51216687,CHUS - HÔPITAL FLEURIMONT,51216695,CHUS - HÔTEL-DIEU DE SHERBROOKE,252,34,63,3,7.7
05,51216687,CHUS - HÔPITAL FLEURIMONT,51219046,CENTRE MULTISERVICES DE SANTÉ ET DE SERVICES SOCIAUX DE MEMPHRÉMAGOG,252,12,87,2,11.4
05,51216687,CHUS - HÔPITAL FLEURIMONT,51223832,CENTRE MULTISERVICES DE SANTÉ ET DE SERVICES SOCIAUX DU GRANIT,252,5,93,2,13.2
05,51216687,CHUS - HÔPITAL FLEURIMONT,51228120,HÔPITAL DE GRANBY,252,79,19,2,10.8
05,51216687,CHUS - HÔPITAL FLEURIMONT,51229185,HÔPITAL BROME-MISSISQUOI-PERKINS,252,44,51,6,5.1
05,51216687,CHUS - HÔPITAL FLEURIMONT,51247583,CENTRE MULTISERVICES DE SANTÉ ET DE SERVICES SOCIAUX DES SOURCES,252,4,95,1,12.9
05,51216687,CHUS - HÔPITAL FLEURIMONT,51247617,CENTRE MULTISERVICES DE SANTÉ ET DE SERVICES SOCIAUX DE LA MRC DE COATICOOK,252,6,93,1,14.9
05,51216695,CHUS - HÔTEL-DIEU DE SHERBROOKE,51219046,CENTRE MULTISERVICES DE SANTÉ ET DE SERVICES SOCIAUX DE MEMPHRÉMAGOG,252,19,78,3,8.7
05,51216695,CHUS - HÔTEL-DIEU DE SHERBROOKE,51223832,CENTRE MULTISERVICES DE SANTÉ ET DE SERVICES SOCIAUX DU GRANIT,252,11,87,3,10
05,51216695,CHUS - HÔTEL-DIEU DE SHERBROOKE,51228120,HÔPITAL DE GRANBY,252,90,8,2,13
05,51216695,CHUS - HÔTEL-DIEU DE SHERBROOKE,51229185,HÔPITAL BROME-MISSISQUOI-PERKINS,252,71,26,3,6.9
05,51216695,CHUS - HÔTEL-DIEU DE SHERBROOKE,51247583,CENTRE MULTISERVICES DE SANTÉ ET DE SERVICES SOCIAUX DES SOURCES,252,9,88,2,9.8
05,51216695,CHUS - HÔTEL-DIEU DE SHERBROOKE,51247617,CENTRE MULTISERVICES DE SANTÉ ET DE SERVICES SOCIAUX DE LA MRC DE COATICOOK,252,17,81,2,12.8
03,51217529,HÔPITAL DU SAINT-SACREMENT,51217586,L'HÔTEL-DIEU DE QUÉBEC,252,15,78,6,6.9
03,51217529,HÔPITAL DU SAINT-SACREMENT,51217594,CENTRE HOSPITALIER DE L'UNIVERSITÉ LAVAL,252,87,9,4,10.1
03,51217529,HÔPITAL DU SAINT-SACREMENT,51217602,HÔPITAL SAINT-FRANÇOIS D'ASSISE,252,54,40,6,5.3
03,51217529,HÔPITAL DU SAINT-SACREMENT,51225001,CENTRE MULTISERVICES DE SANTÉ ET DE SERVICES SOCIAUX CHAUVEAU,252,39,58,3,8.8
03,51217529,HÔPITAL DU SAINT-SACREMENT,51225357,CENTRE MULTISERVICES DE SANTÉ ET DE SERVICES SOCIAUX DE SAINTE-ANNE-DE-BEAUPRÉ,252,6,91,3,8
03,51217529,HÔPITAL DU SAINT-SACREMENT,51228690,HÔPITAL ET CLSC DE LA MALBAIE,252,6,90,4,8.2
03,51217529,HÔPITAL DU SAINT-SACREMENT,51232130,INSTITUT UNIVERSITAIRE DE CARDIOLOGIE ET DE PNEUMOLOGIE DE QUÉBEC,252,37,58,5,5.9
03,51217529,HÔPITAL DU SAINT-SACREMENT,51233914,HÔPITAL DE L'ENFANT-JÉSUS,252,78,20,2,10
03,51217529,HÔPITAL DU SAINT-SACREMENT,51244804,CENTRE MULTISERVICES DE SANTÉ ET DE SERVICES SOCIAUX DE BAIE-SAINT-PAUL,252,9,86,5,7.8
03,51217529,HÔPITAL DU SAINT-SACREMENT,51247302,CENTRE MULTISERVICES DE SANTÉ ET DE SERVICES SOCIAUX DE SAINT-RAYMOND,252,7,89,4,7.3
03,51217529,HÔPITAL DU SAINT-SACREMENT,51247344,CENTRE MULTISERVICES DE SANTÉ ET DE SERVICES SOCIAUX DE SAINT-MARC-DES-CARRIÈRES,252,6,90,4,8.2
03,51217586,L'HÔTEL-DIEU DE QUÉBEC,51217594,CENTRE HOSPITALIER DE L'UNIVERSITÉ LAVAL,252,98,1,0,14.8
03,51217586,L'HÔTEL-DIEU DE QUÉBEC,51217602,HÔPITAL SAINT-FRANÇOIS D'ASSISE,252,88,9,3,7
03,51217586,L'HÔTEL-DIEU DE QUÉBEC,51225001,CENTRE MULTISERVICES DE SANTÉ ET DE SERVICES SOCIAUX CHAUVEAU,252,51,42,6,8.5
03,51217586,L'HÔTEL-DIEU DE QUÉBEC,51225357,CENTRE MULTISERVICES DE SANTÉ ET DE SERVICES SOCIAUX DE SAINTE-ANNE-DE-BEAUPRÉ,252,32,56,12,3.7
03,51217586,L'HÔTEL-DIEU DE QUÉBEC,51228690,HÔPITAL ET CLSC DE LA MALBAIE,252,24,65,10,3.6
03,51217586,L'HÔTEL-DIEU DE QUÉBEC,51232130,INSTITUT UNIVERSITAIRE DE CARDIOLOGIE ET DE PNEUMOLOGIE DE QUÉBEC,252,71,20,9,5.2
03,51217586,L'HÔTEL-DIEU DE QUÉBEC,51233914,HÔPITAL DE L'ENFANT-JÉSUS,252,94,4,2,13.7
03,51217586,L'HÔTEL-DIEU DE QUÉBEC,51244804,CENTRE MULTISERVICES DE SANTÉ ET DE SERVICES SOCIAUX DE BAIE-SAINT-PAUL,252,30,62,8,3.5
03,51217586,L'HÔTEL-DIEU DE QUÉBEC,51247302,CENTRE MULTISERVICES DE SANTÉ ET DE SERVICES SOCIAUX DE SAINT-RAYMOND,252,34,56,10,3.7
03,51217586,L'HÔTEL-DIEU DE QUÉBEC,51247344,CENTRE MULTISERVICES DE SANTÉ ET DE SERVICES SOCIAUX DE SAINT-MARC-DES-CARRIÈRES,252,23,69,9,3.8
03,51217594,CENTRE HOSPITALIER DE L'UNIVERSITÉ LAVAL,51217602,HÔPITAL SAINT-FRANÇOIS D'ASSISE,252,11,87,3,9.2
03,51217594,CENTRE HOSPITALIER DE L'UNIVERSITÉ LAVAL,51225001,CENTRE MULTISERVICES DE SANTÉ ET DE SERVICES SOCIAUX CHAUVEAU,252,18,80,2,12.5
03,51217594,CENTRE HOSPITALIER DE L'UNIVERSITÉ LAVAL,51225357,CENTRE MULTISERVICES DE SANTÉ ET DE SERVICES SOCIAUX DE SAINTE-ANNE-DE-BEAUPRÉ,252,0,100,0,16.6
03,51217594,CENTRE HOSPITALIER DE L'UNIVERSITÉ LAVAL,51228690,HÔPITAL ET CLSC DE LA MALBAIE,252,0,99,1,16.9
03,51217594,CENTRE HOSPITALIER DE L'UNIVERSITÉ LAVAL,51232130,INSTITUT UNIVERSITAIRE DE CARDIOLOGIE ET DE PNEUMOLOGIE DE QUÉBEC,252,9,88,3,11.6
03,51217594,CENTRE HOSPITALIER DE L'UNIVERSITÉ LAVAL,51233914,HÔPITAL DE L'ENFANT-JÉSUS,252,38,58,4,7.4
03,51217594,CENTRE HOSPITALIER DE L'UNIVERSITÉ LAVAL,51244804,CENTRE MULTISERVICES DE SANTÉ ET DE SERVICES SOCIAUX DE BAIE-SAINT-PAUL,252,0,100,0,16.5
03,51217594,CENTRE HOSPITALIER DE L'UNIVERSITÉ LAVAL,51247302,CENTRE MULTISERVICES DE SANTÉ ET DE SERVICES SOCIAUX DE SAINT-RAYMOND,252,0,100,0,15.9
03,51217594,CENTRE HOSPITALIER DE L'UNIVERSITÉ LAVAL,51247344,CENTRE MULTISERVICES DE SANTÉ ET DE SERVICES SOCIAUX DE SAINT-MARC-DES-CARRIÈRES,252,1,98,1,17
03,51217602,HÔPITAL SAINT-FRANÇOIS D'ASSISE,51225001,CENTRE MULTISERVICES DE SANTÉ ET DE SERVICES SOCIAUX CHAUVEAU,252,32,66,2,7.8
03,51217602,HÔPITAL SAINT-FRANÇOIS D'ASSISE,51225357,CENTRE MULTISERVICES DE SANTÉ ET DE SERVICES SOCIAUX DE SAINTE-ANNE-DE-BEAUPRÉ,252,2,96,2,8.5
03,51217602,HÔPITAL SAINT-FRANÇOIS D'ASSISE,51228690,HÔPITAL ET CLSC DE LA MALBAIE,252,3,96,2,8.9
03,51217602,HÔPITAL SAINT-FRANÇOIS D'ASSISE,51232130,INSTITUT UNIVERSITAIRE DE CARDIOLOGIE ET DE PNEUMOLOGIE DE QUÉBEC,252,25,69,6,4.6
03,51217602,HÔPITAL SAINT-FRANÇOIS D'ASSISE,51233914,HÔPITAL DE L'ENFANT-JÉSUS,252,79,19,2,9
03,51217602,HÔPITAL SAINT-FRANÇOIS D'ASSISE,51244804,CENTRE MULTISERVICES DE SANTÉ ET DE SERVICES SOCIAUX DE BAIE-SAINT-PAUL,252,3,95,2,8.4
03,51217602,HÔPITAL SAINT-FRANÇOIS D'ASSISE,51247302,CENTRE MULTISERVICES DE SANTÉ ET DE SERVICES SOCIAUX DE SAINT-RAYMOND,252,2,94,4,7.7
03,51217602,HÔPITAL SAINT-FRANÇOIS D'ASSISE,51247344,CENTRE MULTISERVICES DE SANTÉ ET DE SERVICES SOCIAUX DE SAINT-MARC-DES-CARRIÈRES,252,3,95,2,8.9
15,51217610,HÔPITAL DE MONT-LAURIER,51217628,CENTRE MULTISERVICES DE SANTÉ ET DE SERVICES SOCIAUX DE RIVIÈRE-ROUGE,252,44,51,5,5.7
15,51217610,HÔPITAL DE MONT-LAURIER,51228864,HÔPITAL DE SAINT-EUSTACHE,252,100,0,0,22.1
15,51217610,HÔPITAL DE MONT-LAURIER,51228880,HÔPITAL DE SAINT-JÉRÔME,252,100,0,0,24.6
15,51217610,HÔPITAL DE MONT-LAURIER,51245306,CENTRE MULTISERVICES DE SANTÉ ET DE SERVICES SOCIAUX D'ARGENTEUIL,252,58,37,6,4.9
15,51217610,HÔPITAL DE MONT-LAURIER,51246874,CENTRE MULTISERVICES DE SANTÉ ET DE SERVICES SOCIAUX DE SAINTE-AGATHE,251,84,13,2,8.9
15,51217628,CENTRE MULTISERVICES DE SANTÉ ET DE SERVICES SOCIAUX DE RIVIÈRE-ROUGE,51228864,HÔPITAL DE SAINT-EUSTACHE,252,99,1,0,23.9
15,51217628,CENTRE MULTISERVICES DE SANTÉ ET DE SERVICES SOCIAUX DE RIVIÈRE-ROUGE,51228880,HÔPITAL DE SAINT-JÉRÔME,252,100,0,0,26.4
15,51217628,CENTRE MULTISERVICES DE SANTÉ ET DE SERVICES SOCIAUX DE RIVIÈRE-ROUGE,51245306,CENTRE MULTISERVICES DE SANTÉ ET DE SERVICES SOCIAUX D'ARGENTEUIL,252,66,24,10,4.2
15,51217628,CENTRE MULTISERVICES DE SANTÉ ET DE SERVICES SOCIAUX DE RIVIÈRE-ROUGE,51246874,CENTRE MULTISERVICES DE SANTÉ ET DE SERVICES SOCIAUX DE SAINTE-AGATHE,251,94,4,1,9.7
06,51218097,HÔPITAL DE VERDUN,51222800,CHU SAINTE-JUSTINE,251,61,35,4,9.5
06,51218097,HÔPITAL DE VERDUN,51223279,L'HÔPITAL DE MONTRÉAL POUR ENFANTS,252,62,35,4,12.1
06,51218097,HÔPITAL DE VERDUN,51223295,HÔPITAL ROYAL VICTORIA,252,92,6,2,19
06,51218097,HÔPITAL DE VERDUN,51224392,HÔPITAL DE LASALLE,252,60,35,4,6.2
06,51218097,HÔPITAL DE VERDUN,51228278,HÔPITAL GÉNÉRAL DU LAKESHORE,251,70,23,7,6.5
06,51218097,HÔPITAL DE VERDUN,51228310,HÔPITAL DE LACHINE,252,24,73,4,6.4
06,51218097,HÔPITAL DE VERDUN,51235190,HÔPITAL DOUGLAS,252,0,99,1,10.9
06,51218097,HÔPITAL DE VERDUN,51235307,INSTITUT UNIVERSITAIRE EN SANTÉ MENTALE DE MONTRÉAL,252,0,99,0,11.7
06,51218097,HÔPITAL DE VERDUN,51235919,HÔPITAL SANTA CABRINI,251,66,30,4,6.5
06,51218097,HÔPITAL DE VERDUN,51236297,CENTRE HOSPITALIER DE L'UNIVERSITÉ DE MONTRÉAL,251,100,0,0,26.4
06,51218097,HÔPITAL DE VERDUN,51236313,HÔPITAL NOTRE-DAME,251,45,49,6,5.7
06,51218097,HÔPITAL DE VERDUN,51248201,INSTITUT DE CARDIOLOGIE DE MONTRÉAL,252,3,96,1,10.2
06,51218097,HÔPITAL DE VERDUN,51248219,HÔPITAL GÉNÉRAL DE MONTRÉAL,252,41,52,6,5.8
06,51218097,HÔPITAL DE VERDUN,51248243,CENTRE HOSPITALIER DE ST. MARY,252,60,35,5,6.2
06,51218097,HÔPITAL DE VERDUN,51248250,HÔPITAL GÉNÉRAL JUIF,250,89,10,1,16.7
01,51218352,CENTRE HOSPITALIER RÉGIONAL DU GRAND-PORTAGE,51218980,HÔPITAL DE MATANE,252,27,59,14,4.1
01,51218352,CENTRE HOSPITALIER RÉGIONAL DU GRAND-PORTAGE,51219418,CLSC DE POHÉNÉGAMOOK,252,4,85,12,5.2
01,51218352,CENTRE HOSPITALIER RÉGIONAL DU GRAND-PORTAGE,51221141,HÔPITAL NOTRE-DAME-DE-FATIMA,252,13,71,15,4.2
01,51218352,CENTRE HOSPITALIER RÉGIONAL DU GRAND-PORTAGE,51221877,HÔPITAL DE NOTRE-DAME-DU-LAC,252,12,77,11,4.2
01,51218352,CENTRE HOSPITALIER RÉGIONAL DU GRAND-PORTAGE,51226892,HÔPITAL D'AMQUI,252,16,70,14,3.9
01,51218352,CENTRE HOSPITALIER RÉGIONAL DU GRAND-PORTAGE,51227882,HÔPITAL RÉGIONAL DE RIMOUSKI,252,79,15,6,6.1
01,51218352,CENTRE HOSPITALIER RÉGIONAL DU GRAND-PORTAGE,51236156,CENTRE MULTISERVICES DE SANTÉ ET DE SERVICES SOCIAUX DE TROIS-PISTOLES,251,8,79,13,4.5
02,51218394,HÔPITAL DE CHICOUTIMI,51219384,HÔPITAL DE DOLBEAU-MISTASSINI,250,0,100,0,18.2
02,51218394,HÔPITAL DE CHICOUTIMI,51219400,HÔPITAL D'ALMA,250,13,84,3,14.8
02,51218394,HÔPITAL DE CHICOUTIMI,51221364,HÔPITAL DE LA BAIE,250,4,95,1,15.1
02,51218394,HÔPITAL DE CHICOUTIMI,51224541,HÔPITAL ET CENTRE DE RÉADAPTATION DE JONQUIÈRE,250,15,84,1,13.3
02,51218394,HÔPITAL DE CHICOUTIMI,51228203,HÔPITAL ET CENTRE D'HÉBERGEMENT DE ROBERVAL,250,2,98,1,17.6
10,51218501,CENTRE DE SANTÉ DE CHIBOUGAMAU,51218519,CENTRE DE SANTÉ RENÉ-RICARD,252,5,63,32,2.1
10,51218501,CENTRE DE SANTÉ DE CHIBOUGAMAU,51218527,CENTRE DE SANTÉ LEBEL,252,5,62,33,2
10,51218501,CENTRE DE SANTÉ DE CHIBOUGAMAU,51218535,CENTRE DE SANTÉ ISLE-DIEU,252,6,63,30,2.1
10,51218501,CENTRE DE SANTÉ DE CHIBOUGAMAU,51218543,CENTRE DE SANTÉ DE RADISSON,252,1,68,31,2.2
10,51218519,CENTRE DE SANTÉ RENÉ-RICARD,51218527,CENTRE DE SANTÉ LEBEL,252,17,15,67,0.5
10,51218519,CENTRE DE SANTÉ RENÉ-RICARD,51218535,CENTRE DE SANTÉ ISLE-DIEU,252,17,18,65,0.5
10,51218519,CENTRE DE SANTÉ RENÉ-RICARD,51218543,CENTRE DE SANTÉ DE RADISSON,252,4,23,73,0.3
10,51218527,CENTRE DE SANTÉ LEBEL,51218535,CENTRE DE SANTÉ ISLE-DIEU,252,15,17,68,0.6
10,51218527,CENTRE DE SANTÉ LEBEL,51218543,CENTRE DE SANTÉ DE RADISSON,252,3,21,77,0.4
10,51218535,CENTRE DE SANTÉ ISLE-DIEU,51218543,CENTRE DE SANTÉ DE RADISSON,252,4,20,77,0.4
09,51218733,CENTRE MULTISERVICES DE SANTÉ ET DE SERVICES SOCIAUX DES ESCOUMINS,51218741,CENTRE MULTISERVICES DE SANTÉ ET DE SERVICES SOCIAUX DE FORESTVILLE,252,27,35,38,1.4
09,51218733,CENTRE MULTISERVICES DE SANTÉ ET DE SERVICES SOCIAUX DES ESCOUMINS,51228765,CLSC ET HÔPITAL LE ROYER,252,81,6,12,4.8
09,51218733,CENTRE MULTISERVICES DE SANTÉ ET DE SERVICES SOCIAUX DES ESCOUMINS,51232023,HÔPITAL ET CLSC DE SEPT-ÎLES,252,97,0,2,7.9
09,51218733,CENTRE MULTISERVICES DE SANTÉ ET DE SERVICES SOCIAUX DES ESCOUMINS,51245108,CENTRE MULTISERVICES DE SANTÉ ET DE SERVICES SOCIAUX DE FERMONT,252,50,25,25,2.8
09,51218733,CENTRE MULTISERVICES DE SANTÉ ET DE SERVICES SOCIAUX DES ESCOUMINS,51245116,CENTRE MULTISERVICES DE SANTÉ ET DE SERVICES SOCIAUX DE LA MINGANIE,252,19,46,35,1.8
09,51218733,CENTRE MULTISERVICES DE SANTÉ ET DE SERVICES SOCIAUX DES ESCOUMINS,51245132,CENTRE MULTISERVICES DE SANTÉ ET DE SERVICES SOCIAUX DE PORT-CARTIER,252,45,24,31,2
09,51218733,CENTRE MULTISERVICES DE SANTÉ ET DE SERVICES SOCIAUX DES ESCOUMINS,51245140,CENTRE MULTISERVICES DE SANTÉ ET DE SERVICES SOCIAUX DE LA BASSE-CÔTE-NORD,252,4,58,38,2.2
09,51218741,CENTRE MULTISERVICES DE SANTÉ ET DE SERVICES SOCIAUX DE FORESTVILLE,51228765,CLSC ET HÔPITAL LE ROYER,252,83,6,12,5
09,51218741,CENTRE MULTISERVICES DE SANTÉ ET DE SERVICES SOCIAUX DE FORESTVILLE,51232023,HÔPITAL ET CLSC DE SEPT-ÎLES,252,96,1,3,8.1
09,51218741,CENTRE MULTISERVICES DE SANTÉ ET DE SERVICES SOCIAUX DE FORESTVILLE,51245108,CENTRE MULTISERVICES DE SANTÉ ET DE SERVICES SOCIAUX DE FERMONT,252,54,21,25,2.9
09,51218741,CENTRE MULTISERVICES DE SANTÉ ET DE SERVICES SOCIAUX DE FORESTVILLE,51245116,CENTRE MULTISERVICES DE SANTÉ ET DE SERVICES SOCIAUX DE LA MINGANIE,252,23,42,35,1.7
09,51218741,CENTRE MULTISERVICES DE SANTÉ ET DE SERVICES SOCIAUX DE FORESTVILLE,51245132,CENTRE MULTISERVICES DE SANTÉ ET DE SERVICES SOCIAUX DE PORT-CARTIER,252,47,21,31,2.2
09,51218741,CENTRE MULTISERVICES DE SANTÉ ET DE SERVICES SOCIAUX DE FORESTVILLE,51245140,CENTRE MULTISERVICES DE SANTÉ ET DE SERVICES SOCIAUX DE LA BASSE-CÔTE-NORD,252,4,52,44,2
01,51218980,HÔPITAL DE MATANE,51219418,CLSC DE POHÉNÉGAMOOK,252,10,70,20,3.6
01,51218980,HÔPITAL DE MATANE,51221141,HÔPITAL NOTRE-DAME-DE-FATIMA,252,23,58,19,3.3
01,51218980,HÔPITAL DE MATANE,51221877,HÔPITAL DE NOTRE-DAME-DU-LAC,252,21,58,20,3.1
01,51218980,HÔPITAL DE MATANE,51226892,HÔPITAL D'AMQUI,252,29,54,17,3.3
01,51218980,HÔPITAL DE MATANE,51227882,HÔPITAL RÉGIONAL DE RIMOUSKI,252,91,6,3,7.1
01,51218980,HÔPITAL DE MATANE,51236156,CENTRE MULTISERVICES DE SANTÉ ET DE SERVICES SOCIAUX DE TROIS-PISTOLES,251,17,62,21,3.4
05,51219046,CENTRE MULTISERVICES DE SANTÉ ET DE SERVICES SOCIAUX DE MEMPHRÉMAGOG,51223832,CENTRE MULTISERVICES DE SANTÉ ET DE SERVICES SOCIAUX DU GRANIT,252,27,63,10,4.3
05,51219046,CENTRE MULTISERVICES DE SANTÉ ET DE SERVICES SOCIAUX DE MEMPHRÉMAGOG,51228120,HÔPITAL DE GRANBY,252,98,2,0,19.1
05,51219046,CENTRE MULTISERVICES DE SANTÉ ET DE SERVICES SOCIAUX DE MEMPHRÉMAGOG,51229185,HÔPITAL BROME-MISSISQUOI-PERKINS,252,90,8,2,10.6
05,51219046,CENTRE MULTISERVICES DE SANTÉ ET DE SERVICES SOCIAUX DE MEMPHRÉMAGOG,51247583,CENTRE MULTISERVICES DE SANTÉ ET DE SERVICES SOCIAUX DES SOURCES,252,29,63,8,5.1
05,51219046,CENTRE MULTISERVICES DE SANTÉ ET DE SERVICES SOCIAUX DE MEMPHRÉMAGOG,51247617,CENTRE MULTISERVICES DE SANTÉ ET DE SERVICES SOCIAUX DE LA MRC DE COATICOOK,252,25,69,6,7.3
02,51219384,HÔPITAL DE DOLBEAU-MISTASSINI,51219400,HÔPITAL D'ALMA,252,75,18,7,6.2
02,51219384,HÔPITAL DE DOLBEAU-MISTASSINI,51221364,HÔPITAL DE LA BAIE,252,71,20,9,4.2
02,51219384,HÔPITAL DE DOLBEAU-MISTASSINI,51224541,HÔPITAL ET CENTRE DE RÉADAPTATION DE JONQUIÈRE,252,92,6,2,7
02,51219384,HÔPITAL DE DOLBEAU-MISTASSINI,51228203,HÔPITAL ET CENTRE D'HÉBERGEMENT DE ROBERVAL,252,46,38,16,3
02,51219400,HÔPITAL D'ALMA,51221364,HÔPITAL DE LA BAIE,252,40,54,6,5.1
02,51219400,HÔPITAL D'ALMA,51224541,HÔPITAL ET CENTRE DE RÉADAPTATION DE JONQUIÈRE,252,60,31,10,4.6
02,51219400,HÔPITAL D'ALMA,51228203,HÔPITAL ET CENTRE D'HÉBERGEMENT DE ROBERVAL,252,23,71,6,6
01,51219418,CLSC DE POHÉNÉGAMOOK,51221141,HÔPITAL NOTRE-DAME-DE-FATIMA,252,58,16,27,2.7
01,51219418,CLSC DE POHÉNÉGAMOOK,51221877,HÔPITAL DE NOTRE-DAME-DU-LAC,252,49,13,37,2.1
01,51219418,CLSC DE POHÉNÉGAMOOK,51226892,HÔPITAL D'AMQUI,252,56,15,29,2.7
01,51219418,CLSC DE POHÉNÉGAMOOK,51227882,HÔPITAL RÉGIONAL DE RIMOUSKI,252,96,3,1,10.1
01,51219418,CLSC DE POHÉNÉGAMOOK,51236156,CENTRE MULTISERVICES DE SANTÉ ET DE SERVICES SOCIAUX DE TROIS-PISTOLES,251,45,20,35,1.9
07,51219459,HÔPITAL ET CHSLD DU PONTIAC,51219491,CLSC ET CENTRE D'HÉBERGEMENT DE LA PETITE-NATION,252,18,61,21,2.7
07,51219459,HÔPITAL ET CHSLD DU PONTIAC,51221703,HÔPITAL DE GATINEAU,251,100,0,0,29.8
07,51219459,HÔPITAL ET CHSLD DU PONTIAC,51221711,HÔPITAL DE HULL,251,100,0,0,17.5
07,51219459,HÔPITAL ET CHSLD DU PONTIAC,51221893,HÔPITAL DE MANIWAKI,252,52,28,20,2.6
07,51219459,HÔPITAL ET CHSLD DU PONTIAC,51228799,HÔPITAL ET CHSLD MÉMORIAL DE WAKEFIELD / WAKEFIELD MEMORIAL HOSPITAL,252,83,9,8,6.3
07,51219459,HÔPITAL ET CHSLD DU PONTIAC,51228823,HÔPITAL ET CHSLD DE PAPINEAU,252,93,4,3,9.2
07,51219459,HÔPITAL ET CHSLD DU PONTIAC,51245058,CENTRE MULTISERVICES DE SANTÉ ET DE SERVICES SOCIAUX DE MANSFIELD-ET-PONTEFRACT,252,28,51,21,2.2
07,51219491,CLSC ET CENTRE D'HÉBERGEMENT DE LA PETITE-NATION,51221703,HÔPITAL DE GATINEAU,251,100,0,0,31.5
07,51219491,CLSC ET CENTRE D'HÉBERGEMENT DE LA PETITE-NATION,51221711,HÔPITAL DE HULL,251,100,0,0,19.2
07,51219491,CLSC ET CENTRE D'HÉBERGEMENT DE LA PETITE-NATION,51221893,HÔPITAL DE MANIWAKI,252,74,10,16,3.3
07,51219491,CLSC ET CENTRE D'HÉBERGEMENT DE LA PETITE-NATION,51228799,HÔPITAL ET CHSLD MÉMORIAL DE WAKEFIELD / WAKEFIELD MEMORIAL HOSPITAL,252,90,2,8,7.8
07,51219491,CLSC ET CENTRE D'HÉBERGEMENT DE LA PETITE-NATION,51228823,HÔPITAL ET CHSLD DE PAPINEAU,252,96,2,2,10.9
07,51219491,CLSC ET CENTRE D'HÉBERGEMENT DE LA PETITE-NATION,51245058,CENTRE MULTISERVICES DE SANTÉ ET DE SERVICES SOCIAUX DE MANSFIELD-ET-PONTEFRACT,252,48,18,35,1.8
11,51220903,HÔPITAL DE GASPÉ,51220978,CLSC ET CENTRE DE SERVICES AMBULATOIRES DE PASPÉBIAC,252,27,51,22,2.9
11,51220903,HÔPITAL DE GASPÉ,51221307,CLSC ET CENTRE DE SERVICES AMBULATOIRES DE MURDOCHVILLE,252,15,65,21,3.8
11,51220903,HÔPITAL DE GASPÉ,51227775,HÔPITAL DE CHANDLER,252,49,33,17,3.6
11,51220903,HÔPITAL DE GASPÉ,51227783,HÔPITAL DE L'ARCHIPEL,252,23,60,17,3.4
11,51220903,HÔPITAL DE GASPÉ,51227908,HÔPITAL ET GROUPE DE MÉDECINE DE FAMILLE UNIVERSITAIRE DE MARIA,252,58,24,18,3.3
11,51220903,HÔPITAL DE GASPÉ,51247732,CENTRE MULTISERVICES DE SANTÉ ET DE SERVICES SOCIAUX DE GRANDE-VALLÉE,252,9,71,20,3.6
11,51220903,HÔPITAL DE GASPÉ,51247799,HÔPITAL ET CLSC DE SAINTE-ANNE-DES-MONTS,252,35,50,15,4
11,51220978,CLSC ET CENTRE DE SERVICES AMBULATOIRES DE PASPÉBIAC,51221307,CLSC ET CENTRE DE SERVICES AMBULATOIRES DE MURDOCHVILLE,252,15,56,29,2.7
11,51220978,CLSC ET CENTRE DE SERVICES AMBULATOIRES DE PASPÉBIAC,51227775,HÔPITAL DE CHANDLER,252,60,23,17,4
11,51220978,CLSC ET CENTRE DE SERVICES AMBULATOIRES DE PASPÉBIAC,51227783,HÔPITAL DE L'ARCHIPEL,252,23,47,29,2
11,51220978,CLSC ET CENTRE DE SERVICES AMBULATOIRES DE PASPÉBIAC,51227908,HÔPITAL ET GROUPE DE MÉDECINE DE FAMILLE UNIVERSITAIRE DE MARIA,252,67,12,21,3.7
11,51220978,CLSC ET CENTRE DE SERVICES AMBULATOIRES DE PASPÉBIAC,51247732,CENTRE MULTISERVICES DE SANTÉ ET DE SERVICES SOCIAUX DE GRANDE-VALLÉE,252,6,57,37,2.4
11,51220978,CLSC ET CENTRE DE SERVICES AMBULATOIRES DE PASPÉBIAC,51247799,HÔPITAL ET CLSC DE SAINTE-ANNE-DES-MONTS,252,37,29,34,2.3
01,51221141,HÔPITAL NOTRE-DAME-DE-FATIMA,51221877,HÔPITAL DE NOTRE-DAME-DU-LAC,252,34,43,23,2.6
01,51221141,HÔPITAL NOTRE-DAME-DE-FATIMA,51226892,HÔPITAL D'AMQUI,252,41,38,20,2.8
01,51221141,HÔPITAL NOTRE-DAME-DE-FATIMA,51227882,HÔPITAL RÉGIONAL DE RIMOUSKI,252,91,7,2,8.6
01,51221141,HÔPITAL NOTRE-DAME-DE-FATIMA,51236156,CENTRE MULTISERVICES DE SANTÉ ET DE SERVICES SOCIAUX DE TROIS-PISTOLES,251,25,51,24,2.5
11,51221307,CLSC ET CENTRE DE SERVICES AMBULATOIRES DE MURDOCHVILLE,51227775,HÔPITAL DE CHANDLER,252,68,13,19,5.3
11,51221307,CLSC ET CENTRE DE SERVICES AMBULATOIRES DE MURDOCHVILLE,51227783,HÔPITAL DE L'ARCHIPEL,252,50,15,34,1.8
11,51221307,CLSC ET CENTRE DE SERVICES AMBULATOIRES DE MURDOCHVILLE,51227908,HÔPITAL ET GROUPE DE MÉDECINE DE FAMILLE UNIVERSITAIRE DE MARIA,252,77,10,13,5.4
11,51221307,CLSC ET CENTRE DE SERVICES AMBULATOIRES DE MURDOCHVILLE,51247732,CENTRE MULTISERVICES DE SANTÉ ET DE SERVICES SOCIAUX DE GRANDE-VALLÉE,252,26,29,45,1.3
11,51221307,CLSC ET CENTRE DE SERVICES AMBULATOIRES DE MURDOCHVILLE,51247799,HÔPITAL ET CLSC DE SAINTE-ANNE-DES-MONTS,252,59,14,27,3.1
02,51221364,HÔPITAL DE LA BAIE,51224541,HÔPITAL ET CENTRE DE RÉADAPTATION DE JONQUIÈRE,252,72,21,6,4.8
02,51221364,HÔPITAL DE LA BAIE,51228203,HÔPITAL ET CENTRE D'HÉBERGEMENT DE ROBERVAL,252,23,69,8,4.7
07,51221703,HÔPITAL DE GATINEAU,51221711,HÔPITAL DE HULL,251,10,88,1,13.4
07,51221703,HÔPITAL DE GATINEAU,51221893,HÔPITAL DE MANIWAKI,251,0,100,0,28.8
07,51221703,HÔPITAL DE GATINEAU,51228799,HÔPITAL ET CHSLD MÉMORIAL DE WAKEFIELD / WAKEFIELD MEMORIAL HOSPITAL,251,0,100,0,23.7
07,51221703,HÔPITAL DE GATINEAU,51228823,HÔPITAL ET CHSLD DE PAPINEAU,251,2,97,0,20.8
07,51221703,HÔPITAL DE GATINEAU,51245058,CENTRE MULTISERVICES DE SANTÉ ET DE SERVICES SOCIAUX DE MANSFIELD-ET-PONTEFRACT,251,0,100,0,30.8
07,51221711,HÔPITAL DE HULL,51221893,HÔPITAL DE MANIWAKI,251,3,96,0,16.8
07,51221711,HÔPITAL DE HULL,51228799,HÔPITAL ET CHSLD MÉMORIAL DE WAKEFIELD / WAKEFIELD MEMORIAL HOSPITAL,251,8,92,0,12.5
07,51221711,HÔPITAL DE HULL,51228823,HÔPITAL ET CHSLD DE PAPINEAU,251,12,86,2,9.7
07,51221711,HÔPITAL DE HULL,51245058,CENTRE MULTISERVICES DE SANTÉ ET DE SERVICES SOCIAUX DE MANSFIELD-ET-PONTEFRACT,251,0,100,0,18.6
01,51221877,HÔPITAL DE NOTRE-DAME-DU-LAC,51226892,HÔPITAL D'AMQUI,252,48,29,23,2.5
01,51221877,HÔPITAL DE NOTRE-DAME-DU-LAC,51227882,HÔPITAL RÉGIONAL DE RIMOUSKI,252,94,4,2,8.8
01,51221877,HÔPITAL DE NOTRE-DAME-DU-LAC,51236156,CENTRE MULTISERVICES DE SANTÉ ET DE SERVICES SOCIAUX DE TROIS-PISTOLES,251,29,41,30,2.4
07,51221893,HÔPITAL DE MANIWAKI,51228799,HÔPITAL ET CHSLD MÉMORIAL DE WAKEFIELD / WAKEFIELD MEMORIAL HOSPITAL,252,80,10,10,5.5
07,51221893,HÔPITAL DE MANIWAKI,51228823,HÔPITAL ET CHSLD DE PAPINEAU,252,89,9,2,8.6
07,51221893,HÔPITAL DE MANIWAKI,51245058,CENTRE MULTISERVICES DE SANTÉ ET DE SERVICES SOCIAUX DE MANSFIELD-ET-PONTEFRACT,252,18,65,17,2.6
06,51222800,CHU SAINTE-JUSTINE,51223279,L'HÔPITAL DE MONTRÉAL POUR ENFANTS,251,47,50,4,13.4
06,51222800,CHU SAINTE-JUSTINE,51223295,HÔPITAL ROYAL VICTORIA,251,89,10,1,15.7
06,51222800,CHU SAINTE-JUSTINE,51224392,HÔPITAL DE LASALLE,251,49,49,2,9.8
06,51222800,CHU SAINTE-JUSTINE,51228278,HÔPITAL GÉNÉRAL DU LAKESHORE,250,52,47,2,9.4
06,51222800,CHU SAINTE-JUSTINE,51228310,HÔPITAL DE LACHINE,251,21,74,5,10.5
06,51222800,CHU SAINTE-JUSTINE,51235190,HÔPITAL DOUGLAS,251,2,97,1,15.4
06,51222800,CHU SAINTE-JUSTINE,51235307,INSTITUT UNIVERSITAIRE EN SANTÉ MENTALE DE MONTRÉAL,251,0,99,0,16.2
06,51222800,CHU SAINTE-JUSTINE,51235919,HÔPITAL SANTA CABRINI,250,51,45,4,9.2
06,51222800,CHU SAINTE-JUSTINE,51236297,CENTRE HOSPITALIER DE L'UNIVERSITÉ DE MONTRÉAL,250,92,6,2,22.4
06,51222800,CHU SAINTE-JUSTINE,51236313,HÔPITAL NOTRE-DAME,250,33,63,4,9.3
06,51222800,CHU SAINTE-JUSTINE,51248201,INSTITUT DE CARDIOLOGIE DE MONTRÉAL,251,4,94,2,14.8
06,51222800,CHU SAINTE-JUSTINE,51248219,HÔPITAL GÉNÉRAL DE MONTRÉAL,251,35,58,7,8.6
06,51222800,CHU SAINTE-JUSTINE,51248243,CENTRE HOSPITALIER DE ST. MARY,251,47,50,3,9.9
06,51222800,CHU SAINTE-JUSTINE,51248250,HÔPITAL GÉNÉRAL JUIF,249,69,31,0,17.5
06,51223279,L'HÔPITAL DE MONTRÉAL POUR ENFANTS,51223295,HÔPITAL ROYAL VICTORIA,252,75,23,1,18.5
06,51223279,L'HÔPITAL DE MONTRÉAL POUR ENFANTS,51224392,HÔPITAL DE LASALLE,252,44,54,3,12.1
06,51223279,L'HÔPITAL DE MONTRÉAL POUR ENFANTS,51228278,HÔPITAL GÉNÉRAL DU LAKESHORE,251,51,45,4,12.3
06,51223279,L'HÔPITAL DE MONTRÉAL POUR ENFANTS,51228310,HÔPITAL DE LACHINE,252,20,76,4,13.4
06,51223279,L'HÔPITAL DE MONTRÉAL POUR ENFANTS,51235190,HÔPITAL DOUGLAS,252,4,92,4,18.1
06,51223279,L'HÔPITAL DE MONTRÉAL POUR ENFANTS,51235307,INSTITUT UNIVERSITAIRE EN SANTÉ MENTALE DE MONTRÉAL,252,0,98,2,18.7
06,51223279,L'HÔPITAL DE MONTRÉAL POUR ENFANTS,51235919,HÔPITAL SANTA CABRINI,251,52,45,3,13.2
06,51223279,L'HÔPITAL DE MONTRÉAL POUR ENFANTS,51236297,CENTRE HOSPITALIER DE L'UNIVERSITÉ DE MONTRÉAL,251,85,15,0,21.6
06,51223279,L'HÔPITAL DE MONTRÉAL POUR ENFANTS,51236313,HÔPITAL NOTRE-DAME,251,32,63,5,12.2
06,51223279,L'HÔPITAL DE MONTRÉAL POUR ENFANTS,51248201,INSTITUT DE CARDIOLOGIE DE MONTRÉAL,252,4,93,3,17.3
06,51223279,L'HÔPITAL DE MONTRÉAL POUR ENFANTS,51248219,HÔPITAL GÉNÉRAL DE MONTRÉAL,252,32,63,6,11.3
06,51223279,L'HÔPITAL DE MONTRÉAL POUR ENFANTS,51248243,CENTRE HOSPITALIER DE ST. MARY,252,40,54,6,11
06,51223279,L'HÔPITAL DE MONTRÉAL POUR ENFANTS,51248250,HÔPITAL GÉNÉRAL JUIF,250,76,22,2,16.8
06,51223295,HÔPITAL ROYAL VICTORIA,51224392,HÔPITAL DE LASALLE,252,7,91,2,16.2
06,51223295,HÔPITAL ROYAL VICTORIA,51228278,HÔPITAL GÉNÉRAL DU LAKESHORE,251,8,89,3,14.5
06,51223295,HÔPITAL ROYAL VICTORIA,51228310,HÔPITAL DE LACHINE,252,0,100,0,22.9
06,51223295,HÔPITAL ROYAL VICTORIA,51235190,HÔPITAL DOUGLAS,252,0,100,0,29.5
06,51223295,HÔPITAL ROYAL VICTORIA,51235307,INSTITUT UNIVERSITAIRE EN SANTÉ MENTALE DE MONTRÉAL,252,0,100,0,30.3
06,51223295,HÔPITAL ROYAL VICTORIA,51235919,HÔPITAL SANTA CABRINI,251,4,96,0,15.1
06,51223295,HÔPITAL ROYAL VICTORIA,51236297,CENTRE HOSPITALIER DE L'UNIVERSITÉ DE MONTRÉAL,251,73,23,4,9.8
06,51223295,HÔPITAL ROYAL VICTORIA,51236313,HÔPITAL NOTRE-DAME,251,0,100,0,18.9
06,51223295,HÔPITAL ROYAL VICTORIA,51248201,INSTITUT DE CARDIOLOGIE DE MONTRÉAL,252,0,100,0,28.8
06,51223295,HÔPITAL ROYAL VICTORIA,51248219,HÔPITAL GÉNÉRAL DE MONTRÉAL,252,0,99,1,19.4
06,51223295,HÔPITAL ROYAL VICTORIA,51248243,CENTRE HOSPITALIER DE ST. MARY,252,4,95,1,17.2
06,51223295,HÔPITAL ROYAL VICTORIA,51248250,HÔPITAL GÉNÉRAL JUIF,250,42,54,3,12.3
05,51223832,CENTRE MULTISERVICES DE SANTÉ ET DE SERVICES SOCIAUX DU GRANIT,51228120,HÔPITAL DE GRANBY,252,100,0,0,21.4
05,51223832,CENTRE MULTISERVICES DE SANTÉ ET DE SERVICES SOCIAUX DU GRANIT,51229185,HÔPITAL BROME-MISSISQUOI-PERKINS,252,95,4,2,12.7
05,51223832,CENTRE MULTISERVICES DE SANTÉ ET DE SERVICES SOCIAUX DU GRANIT,51247583,CENTRE MULTISERVICES DE SANTÉ ET DE SERVICES SOCIAUX DES SOURCES,252,44,46,10,3.5
05,51223832,CENTRE MULTISERVICES DE SANTÉ ET DE SERVICES SOCIAUX DU GRANIT,51247617,CENTRE MULTISERVICES DE SANTÉ ET DE SERVICES SOCIAUX DE LA MRC DE COATICOOK,252,28,62,10,5.5
06,51224392,HÔPITAL DE LASALLE,51228278,HÔPITAL GÉNÉRAL DU LAKESHORE,251,53,44,4,7
06,51224392,HÔPITAL DE LASALLE,51228310,HÔPITAL DE LACHINE,252,6,90,4,7.6
06,51224392,HÔPITAL DE LASALLE,51235190,HÔPITAL DOUGLAS,252,0,100,0,13.7
06,51224392,HÔPITAL DE LASALLE,51235307,INSTITUT UNIVERSITAIRE EN SANTÉ MENTALE DE MONTRÉAL,252,0,100,0,14.5
06,51224392,HÔPITAL DE LASALLE,51235919,HÔPITAL SANTA CABRINI,251,48,48,4,6.6
06,51224392,HÔPITAL DE LASALLE,51236297,CENTRE HOSPITALIER DE L'UNIVERSITÉ DE MONTRÉAL,251,100,0,0,23.6
06,51224392,HÔPITAL DE LASALLE,51236313,HÔPITAL NOTRE-DAME,251,29,65,7,5.8
06,51224392,HÔPITAL DE LASALLE,51248201,INSTITUT DE CARDIOLOGIE DE MONTRÉAL,252,0,100,0,13
06,51224392,HÔPITAL DE LASALLE,51248219,HÔPITAL GÉNÉRAL DE MONTRÉAL,252,31,63,6,6.2
06,51224392,HÔPITAL DE LASALLE,51248243,CENTRE HOSPITALIER DE ST. MARY,252,42,52,6,5.7
06,51224392,HÔPITAL DE LASALLE,51248250,HÔPITAL GÉNÉRAL JUIF,250,84,13,4,14.6
02,51224541,HÔPITAL ET CENTRE DE RÉADAPTATION DE JONQUIÈRE,51228203,HÔPITAL ET CENTRE D'HÉBERGEMENT DE ROBERVAL,252,8,85,7,6.6
03,51225001,CENTRE MULTISERVICES DE SANTÉ ET DE SERVICES SOCIAUX CHAUVEAU,51225357,CENTRE MULTISERVICES DE SANTÉ ET DE SERVICES SOCIAUX DE SAINTE-ANNE-DE-BEAUPRÉ,252,27,57,16,8.1
03,51225001,CENTRE MULTISERVICES DE SANTÉ ET DE SERVICES SOCIAUX CHAUVEAU,51228690,HÔPITAL ET CLSC DE LA MALBAIE,252,23,56,20,8.3
03,51225001,CENTRE MULTISERVICES DE SANTÉ ET DE SERVICES SOCIAUX CHAUVEAU,51232130,INSTITUT UNIVERSITAIRE DE CARDIOLOGIE ET DE PNEUMOLOGIE DE QUÉBEC,252,56,37,7,6.9
03,51225001,CENTRE MULTISERVICES DE SANTÉ ET DE SERVICES SOCIAUX CHAUVEAU,51233914,HÔPITAL DE L'ENFANT-JÉSUS,252,84,13,4,9.9
03,51225001,CENTRE MULTISERVICES DE SANTÉ ET DE SERVICES SOCIAUX CHAUVEAU,51244804,CENTRE MULTISERVICES DE SANTÉ ET DE SERVICES SOCIAUX DE BAIE-SAINT-PAUL,252,19,57,23,7.6
03,51225001,CENTRE MULTISERVICES DE SANTÉ ET DE SERVICES SOCIAUX CHAUVEAU,51247302,CENTRE MULTISERVICES DE SANTÉ ET DE SERVICES SOCIAUX DE SAINT-RAYMOND,252,27,54,19,7.7
03,51225001,CENTRE MULTISERVICES DE SANTÉ ET DE SERVICES SOCIAUX CHAUVEAU,51247344,CENTRE MULTISERVICES DE SANTÉ ET DE SERVICES SOCIAUX DE SAINT-MARC-DES-CARRIÈRES,252,19,56,25,8.3
03,51225357,CENTRE MULTISERVICES DE SANTÉ ET DE SERVICES SOCIAUX DE SAINTE-ANNE-DE-BEAUPRÉ,51228690,HÔPITAL ET CLSC DE LA MALBAIE,252,30,49,21,2.7
03,51225357,CENTRE MULTISERVICES DE SANTÉ ET DE SERVICES SOCIAUX DE SAINTE-ANNE-DE-BEAUPRÉ,51232130,INSTITUT UNIVERSITAIRE DE CARDIOLOGIE ET DE PNEUMOLOGIE DE QUÉBEC,252,79,11,10,5.9
03,51225357,CENTRE MULTISERVICES DE SANTÉ ET DE SERVICES SOCIAUX DE SAINTE-ANNE-DE-BEAUPRÉ,51233914,HÔPITAL DE L'ENFANT-JÉSUS,252,100,0,0,15.3
03,51225357,CENTRE MULTISERVICES DE SANTÉ ET DE SERVICES SOCIAUX DE SAINTE-ANNE-DE-BEAUPRÉ,51244804,CENTRE MULTISERVICES DE SANTÉ ET DE SERVICES SOCIAUX DE BAIE-SAINT-PAUL,252,34,43,23,3.1
03,51225357,CENTRE MULTISERVICES DE SANTÉ ET DE SERVICES SOCIAUX DE SAINTE-ANNE-DE-BEAUPRÉ,51247302,CENTRE MULTISERVICES DE SANTÉ ET DE SERVICES SOCIAUX DE SAINT-RAYMOND,252,48,29,23,2.8
03,51225357,CENTRE MULTISERVICES DE SANTÉ ET DE SERVICES SOCIAUX DE SAINTE-ANNE-DE-BEAUPRÉ,51247344,CENTRE MULTISERVICES DE SANTÉ ET DE SERVICES SOCIAUX DE SAINT-MARC-DES-CARRIÈRES,252,29,49,23,2.5
08,51225589,HÔPITAL DE VAL-D'OR,51228906,HÔPITAL D'AMOS,252,21,75,4,6.7
08,51225589,HÔPITAL DE VAL-D'OR,51228922,HÔPITAL DE ROUYN-NORANDA,252,61,37,2,7.6
08,51225589,HÔPITAL DE VAL-D'OR,51247476,CENTRE MULTISERVICES DE SANTÉ ET DE SERVICES SOCIAUX DE TÉMISCAMING-KIPAWA,252,0,98,2,10.8
08,51225589,HÔPITAL DE VAL-D'OR,51247542,CENTRE MULTISERVICES DE SANTÉ ET DE SERVICES SOCIAUX DE VILLE-MARIE,252,12,81,6,7.4
08,51225589,HÔPITAL DE VAL-D'OR,51247559,CENTRE MULTISERVICES DE SANTÉ ET DE SERVICES SOCIAUX DE LA SARRE,252,12,86,2,7.3
01,51226892,HÔPITAL D'AMQUI,51227882,HÔPITAL RÉGIONAL DE RIMOUSKI,252,94,4,2,8.2
01,51226892,HÔPITAL D'AMQUI,51236156,CENTRE MULTISERVICES DE SANTÉ ET DE SERVICES SOCIAUX DE TROIS-PISTOLES,251,22,49,29,2.3
12,51227569,HÔTEL-DIEU DE LÉVIS,51228971,HÔPITAL DE SAINT-GEORGES,252,35,59,6,6.6
12,51227569,HÔTEL-DIEU DE LÉVIS,51245199,CHSLD ET HÔPITAL PAUL-GILBERT,252,10,88,2,10.8
12,51227569,HÔTEL-DIEU DE LÉVIS,51245223,HÔPITAL DE MONTMAGNY,252,4,93,3,11.8
12,51227569,HÔTEL-DIEU DE LÉVIS,51245231,HÔPITAL DE THETFORD,251,21,75,4,9.1
11,51227775,HÔPITAL DE CHANDLER,51227783,HÔPITAL DE L'ARCHIPEL,252,17,63,21,4.5
11,51227775,HÔPITAL DE CHANDLER,51227908,HÔPITAL ET GROUPE DE MÉDECINE DE FAMILLE UNIVERSITAIRE DE MARIA,252,44,39,17,4.7
11,51227775,HÔPITAL DE CHANDLER,51247732,CENTRE MULTISERVICES DE SANTÉ ET DE SERVICES SOCIAUX DE GRANDE-VALLÉE,252,6,76,19,5
11,51227775,HÔPITAL DE CHANDLER,51247799,HÔPITAL ET CLSC DE SAINTE-ANNE-DES-MONTS,252,31,56,13,5.2
11,51227783,HÔPITAL DE L'ARCHIPEL,51227908,HÔPITAL ET GROUPE DE MÉDECINE DE FAMILLE UNIVERSITAIRE DE MARIA,252,72,13,15,4.6
11,51227783,HÔPITAL DE L'ARCHIPEL,51247732,CENTRE MULTISERVICES DE SANTÉ ET DE SERVICES SOCIAUX DE GRANDE-VALLÉE,252,17,49,33,1.8
11,51227783,HÔPITAL DE L'ARCHIPEL,51247799,HÔPITAL ET CLSC DE SAINTE-ANNE-DES-MONTS,252,46,29,25,2.9
01,51227882,HÔPITAL RÉGIONAL DE RIMOUSKI,51236156,CENTRE MULTISERVICES DE SANTÉ ET DE SERVICES SOCIAUX DE TROIS-PISTOLES,251,2,95,3,9.3
11,51227908,HÔPITAL ET GROUPE DE MÉDECINE DE FAMILLE UNIVERSITAIRE DE MARIA,51247732,CENTRE MULTISERVICES DE SANTÉ ET DE SERVICES SOCIAUX DE GRANDE-VALLÉE,252,4,80,17,5.3
11,51227908,HÔPITAL ET GROUPE DE MÉDECINE DE FAMILLE UNIVERSITAIRE DE MARIA,51247799,HÔPITAL ET CLSC DE SAINTE-ANNE-DES-MONTS,252,24,59,17,4.4
16,51228005,HÔPITAL BARRIE MEMORIAL / BARRIE MEMORIAL HOSPITAL,51229011,HÔPITAL PIERRE-BOUCHER,252,99,1,0,24.6
16,51228005,HÔPITAL BARRIE MEMORIAL / BARRIE MEMORIAL HOSPITAL,51229045,HÔPITAL DU HAUT-RICHELIEU,252,76,21,4,11.9
16,51228005,HÔPITAL BARRIE MEMORIAL / BARRIE MEMORIAL HOSPITAL,51229102,HÔTEL-DIEU DE SOREL,252,25,72,3,8.7
16,51228005,HÔPITAL BARRIE MEMORIAL / BARRIE MEMORIAL HOSPITAL,51229136,HÔPITAL DU SUROÎT,252,16,80,4,9.9
16,51228005,HÔPITAL BARRIE MEMORIAL / BARRIE MEMORIAL HOSPITAL,51229151,HÔPITAL ANNA-LABERGE,248,71,26,3,9.5
16,51228005,HÔPITAL BARRIE MEMORIAL / BARRIE MEMORIAL HOSPITAL,51229193,HÔPITAL HONORÉ-MERCIER,251,71,26,3,12.1
16,51228005,HÔPITAL BARRIE MEMORIAL / BARRIE MEMORIAL HOSPITAL,51233799,HÔPITAL CHARLES-LE MOYNE,249,92,6,1,24.4
14,51228062,HÔPITAL PIERRE-LE GARDEUR,51244945,HÔPITAL DE LANAUDIÈRE ET CENTRE D'HÉBERGEMENT PARPHILIA-FERLAND,249,24,74,1,14
05,51228120,HÔPITAL DE GRANBY,51229185,HÔPITAL BROME-MISSISQUOI-PERKINS,252,18,77,5,10.7
05,51228120,HÔPITAL DE GRANBY,51247583,CENTRE MULTISERVICES DE SANTÉ ET DE SERVICES SOCIAUX DES SOURCES,252,1,99,0,21.5
05,51228120,HÔPITAL DE GRANBY,51247617,CENTRE MULTISERVICES DE SANTÉ ET DE SERVICES SOCIAUX DE LA MRC DE COATICOOK,252,4,96,0,23.3
06,51228278,HÔPITAL GÉNÉRAL DU LAKESHORE,51228310,HÔPITAL DE LACHINE,251,9,88,2,9.5
06,51228278,HÔPITAL GÉNÉRAL DU LAKESHORE,51235190,HÔPITAL DOUGLAS,251,0,100,0,15.5
06,51228278,HÔPITAL GÉNÉRAL DU LAKESHORE,51235307,INSTITUT UNIVERSITAIRE EN SANTÉ MENTALE DE MONTRÉAL,251,0,100,0,16.4
06,51228278,HÔPITAL GÉNÉRAL DU LAKESHORE,51235919,HÔPITAL SANTA CABRINI,250,40,56,4,5.5
06,51228278,HÔPITAL GÉNÉRAL DU LAKESHORE,51236297,CENTRE HOSPITALIER DE L'UNIVERSITÉ DE MONTRÉAL,250,97,2,1,21.8
06,51228278,HÔPITAL GÉNÉRAL DU LAKESHORE,51236313,HÔPITAL NOTRE-DAME,250,20,74,6,6.6
06,51228278,HÔPITAL GÉNÉRAL DU LAKESHORE,51248201,INSTITUT DE CARDIOLOGIE DE MONTRÉAL,251,1,99,0,14.8
06,51228278,HÔPITAL GÉNÉRAL DU LAKESHORE,51248219,HÔPITAL GÉNÉRAL DE MONTRÉAL,251,20,75,5,7.4
06,51228278,HÔPITAL GÉNÉRAL DU LAKESHORE,51248243,CENTRE HOSPITALIER DE ST. MARY,251,41,55,4,7.2
06,51228278,HÔPITAL GÉNÉRAL DU LAKESHORE,51248250,HÔPITAL GÉNÉRAL JUIF,249,79,18,3,13.4
06,51228310,HÔPITAL DE LACHINE,51235190,HÔPITAL DOUGLAS,252,4,91,5,6.8
06,51228310,HÔPITAL DE LACHINE,51235307,INSTITUT UNIVERSITAIRE EN SANTÉ MENTALE DE MONTRÉAL,252,0,97,2,7.5
06,51228310,HÔPITAL DE LACHINE,51235919,HÔPITAL SANTA CABRINI,251,82,15,3,9.2
06,51228310,HÔPITAL DE LACHINE,51236297,CENTRE HOSPITALIER DE L'UNIVERSITÉ DE MONTRÉAL,251,100,0,0,30.6
06,51228310,HÔPITAL DE LACHINE,51236313,HÔPITAL NOTRE-DAME,251,69,25,6,5.8
06,51228310,HÔPITAL DE LACHINE,51248201,INSTITUT DE CARDIOLOGIE DE MONTRÉAL,252,4,91,5,6
06,51228310,HÔPITAL DE LACHINE,51248219,HÔPITAL GÉNÉRAL DE MONTRÉAL,252,70,24,6,5.2
06,51228310,HÔPITAL DE LACHINE,51248243,CENTRE HOSPITALIER DE ST. MARY,252,83,13,4,7.1
06,51228310,HÔPITAL DE LACHINE,51248250,HÔPITAL GÉNÉRAL JUIF,250,94,6,0,20.7
03,51228690,HÔPITAL ET CLSC DE LA MALBAIE,51232130,INSTITUT UNIVERSITAIRE DE CARDIOLOGIE ET DE PNEUMOLOGIE DE QUÉBEC,252,85,10,6,6.3
03,51228690,HÔPITAL ET CLSC DE LA MALBAIE,51233914,HÔPITAL DE L'ENFANT-JÉSUS,252,100,0,0,15.6
03,51228690,HÔPITAL ET CLSC DE LA MALBAIE,51244804,CENTRE MULTISERVICES DE SANTÉ ET DE SERVICES SOCIAUX DE BAIE-SAINT-PAUL,252,35,39,26,2.5
03,51228690,HÔPITAL ET CLSC DE LA MALBAIE,51247302,CENTRE MULTISERVICES DE SANTÉ ET DE SERVICES SOCIAUX DE SAINT-RAYMOND,252,49,30,21,3.1
03,51228690,HÔPITAL ET CLSC DE LA MALBAIE,51247344,CENTRE MULTISERVICES DE SANTÉ ET DE SERVICES SOCIAUX DE SAINT-MARC-DES-CARRIÈRES,252,38,37,25,2.7
09,51228765,CLSC ET HÔPITAL LE ROYER,51232023,HÔPITAL ET CLSC DE SEPT-ÎLES,252,73,24,3,5.4
09,51228765,CLSC ET HÔPITAL LE ROYER,51245108,CENTRE MULTISERVICES DE SANTÉ ET DE SERVICES SOCIAUX DE FERMONT,252,20,71,9,5
09,51228765,CLSC ET HÔPITAL LE ROYER,51245116,CENTRE MULTISERVICES DE SANTÉ ET DE SERVICES SOCIAUX DE LA MINGANIE,252,3,88,9,5.8
09,51228765,CLSC ET HÔPITAL LE ROYER,51245132,CENTRE MULTISERVICES DE SANTÉ ET DE SERVICES SOCIAUX DE PORT-CARTIER,252,14,73,13,4.4
09,51228765,CLSC ET HÔPITAL LE ROYER,51245140,CENTRE MULTISERVICES DE SANTÉ ET DE SERVICES SOCIAUX DE LA BASSE-CÔTE-NORD,252,1,90,8,6.6
07,51228799,HÔPITAL ET CHSLD MÉMORIAL DE WAKEFIELD / WAKEFIELD MEMORIAL HOSPITAL,51228823,HÔPITAL ET CHSLD DE PAPINEAU,252,67,27,6,5
07,51228799,HÔPITAL ET CHSLD MÉMORIAL DE WAKEFIELD / WAKEFIELD MEMORIAL HOSPITAL,51245058,CENTRE MULTISERVICES DE SANTÉ ET DE SERVICES SOCIAUX DE MANSFIELD-ET-PONTEFRACT,252,3,90,7,7.2
07,51228823,HÔPITAL ET CHSLD DE PAPINEAU,51245058,CENTRE MULTISERVICES DE SANTÉ ET DE SERVICES SOCIAUX DE MANSFIELD-ET-PONTEFRACT,252,1,97,2,10.2
15,51228864,HÔPITAL DE SAINT-EUSTACHE,51228880,HÔPITAL DE SAINT-JÉRÔME,252,59,37,4,10.7
15,51228864,HÔPITAL DE SAINT-EUSTACHE,51245306,CENTRE MULTISERVICES DE SANTÉ ET DE SERVICES SOCIAUX D'ARGENTEUIL,252,0,99,1,21.3
15,51228864,HÔPITAL DE SAINT-EUSTACHE,51246874,CENTRE MULTISERVICES DE SANTÉ ET DE SERVICES SOCIAUX DE SAINTE-AGATHE,251,11,87,2,15.7
15,51228880,HÔPITAL DE SAINT-JÉRÔME,51245306,CENTRE MULTISERVICES DE SANTÉ ET DE SERVICES SOCIAUX D'ARGENTEUIL,252,1,98,1,23.9
15,51228880,HÔPITAL DE SAINT-JÉRÔME,51246874,CENTRE MULTISERVICES DE SANTÉ ET DE SERVICES SOCIAUX DE SAINTE-AGATHE,251,2,98,0,17.2
08,51228906,HÔPITAL D'AMOS,51228922,HÔPITAL DE ROUYN-NORANDA,252,89,6,5,8.4
08,51228906,HÔPITAL D'AMOS,51247476,CENTRE MULTISERVICES DE SANTÉ ET DE SERVICES SOCIAUX DE TÉMISCAMING-KIPAWA,252,1,85,14,5.7
08,51228906,HÔPITAL D'AMOS,51247542,CENTRE MULTISERVICES DE SANTÉ ET DE SERVICES SOCIAUX DE VILLE-MARIE,252,37,50,13,4
08,51228906,HÔPITAL D'AMOS,51247559,CENTRE MULTISERVICES DE SANTÉ ET DE SERVICES SOCIAUX DE LA SARRE,252,35,53,12,3.7
08,51228922,HÔPITAL DE ROUYN-NORANDA,51247476,CENTRE MULTISERVICES DE SANTÉ ET DE SERVICES SOCIAUX DE TÉMISCAMING-KIPAWA,252,0,98,2,13.8
08,51228922,HÔPITAL DE ROUYN-NORANDA,51247542,CENTRE MULTISERVICES DE SANTÉ ET DE SERVICES SOCIAUX DE VILLE-MARIE,252,10,87,4,10.3
08,51228922,HÔPITAL DE ROUYN-NORANDA,51247559,CENTRE MULTISERVICES DE SANTÉ ET DE SERVICES SOCIAUX DE LA SARRE,252,6,90,4,9.9
12,51228971,HÔPITAL DE SAINT-GEORGES,51245199,CHSLD ET HÔPITAL PAUL-GILBERT,252,19,78,3,8.4
12,51228971,HÔPITAL DE SAINT-GEORGES,51245223,HÔPITAL DE MONTMAGNY,252,7,90,4,8.9
12,51228971,HÔPITAL DE SAINT-GEORGES,51245231,HÔPITAL DE THETFORD,251,24,73,4,6.8
16,51229011,HÔPITAL PIERRE-BOUCHER,51229045,HÔPITAL DU HAUT-RICHELIEU,252,10,88,2,16
16,51229011,HÔPITAL PIERRE-BOUCHER,51229102,HÔTEL-DIEU DE SOREL,252,0,100,0,30.3
16,51229011,HÔPITAL PIERRE-BOUCHER,51229136,HÔPITAL DU SUROÎT,252,0,100,0,33.1
16,51229011,HÔPITAL PIERRE-BOUCHER,51229151,HÔPITAL ANNA-LABERGE,248,6,93,1,19.1
16,51229011,HÔPITAL PIERRE-BOUCHER,51229193,HÔPITAL HONORÉ-MERCIER,251,10,90,1,18
16,51229011,HÔPITAL PIERRE-BOUCHER,51233799,HÔPITAL CHARLES-LE MOYNE,249,46,51,3,12.6
16,51229045,HÔPITAL DU HAUT-RICHELIEU,51229102,HÔTEL-DIEU DE SOREL,252,6,92,2,15.3
16,51229045,HÔPITAL DU HAUT-RICHELIEU,51229136,HÔPITAL DU SUROÎT,252,4,94,2,17.9
16,51229045,HÔPITAL DU HAUT-RICHELIEU,51229151,HÔPITAL ANNA-LABERGE,248,36,62,2,9.5
16,51229045,HÔPITAL DU HAUT-RICHELIEU,51229193,HÔPITAL HONORÉ-MERCIER,251,45,52,3,8.8
16,51229045,HÔPITAL DU HAUT-RICHELIEU,51233799,HÔPITAL CHARLES-LE MOYNE,249,84,13,2,15.9
16,51229102,HÔTEL-DIEU DE SOREL,51229136,HÔPITAL DU SUROÎT,252,35,61,5,6.4
16,51229102,HÔTEL-DIEU DE SOREL,51229151,HÔPITAL ANNA-LABERGE,248,88,10,2,13
16,51229102,HÔTEL-DIEU DE SOREL,51229193,HÔPITAL HONORÉ-MERCIER,251,92,5,2,13.5
16,51229102,HÔTEL-DIEU DE SOREL,51233799,HÔPITAL CHARLES-LE MOYNE,249,100,0,0,29.7
16,51229136,HÔPITAL DU SUROÎT,51229151,HÔPITAL ANNA-LABERGE,248,92,6,2,15.4
16,51229136,HÔPITAL DU SUROÎT,51229193,HÔPITAL HONORÉ-MERCIER,251,97,2,1,16.1
16,51229136,HÔPITAL DU SUROÎT,51233799,HÔPITAL CHARLES-LE MOYNE,249,100,0,0,32.3
16,51229151,HÔPITAL ANNA-LABERGE,51229193,HÔPITAL HONORÉ-MERCIER,248,56,41,3,8.9
16,51229151,HÔPITAL ANNA-LABERGE,51233799,HÔPITAL CHARLES-LE MOYNE,247,90,9,1,18.9
05,51229185,HÔPITAL BROME-MISSISQUOI-PERKINS,51247583,CENTRE MULTISERVICES DE SANTÉ ET DE SERVICES SOCIAUX DES SOURCES,252,0,99,1,12.4
05,51229185,HÔPITAL BROME-MISSISQUOI-PERKINS,51247617,CENTRE MULTISERVICES DE SANTÉ ET DE SERVICES SOCIAUX DE LA MRC DE COATICOOK,252,5,94,1,14.2
16,51229193,HÔPITAL HONORÉ-MERCIER,51233799,HÔPITAL CHARLES-LE MOYNE,249,92,8,1,16.9
09,51232023,HÔPITAL ET CLSC DE SEPT-ÎLES,51245108,CENTRE MULTISERVICES DE SANTÉ ET DE SERVICES SOCIAUX DE FERMONT,252,11,86,4,7.1
09,51232023,HÔPITAL ET CLSC DE SEPT-ÎLES,51245116,CENTRE MULTISERVICES DE SANTÉ ET DE SERVICES SOCIAUX DE LA MINGANIE,252,0,98,2,9.1
09,51232023,HÔPITAL ET CLSC DE SEPT-ÎLES,51245132,CENTRE MULTISERVICES DE SANTÉ ET DE SERVICES SOCIAUX DE PORT-CARTIER,252,4,94,2,7.2
09,51232023,HÔPITAL ET CLSC DE SEPT-ÎLES,51245140,CENTRE MULTISERVICES DE SANTÉ ET DE SERVICES SOCIAUX DE LA BASSE-CÔTE-NORD,252,0,99,1,9.9
03,51232130,INSTITUT UNIVERSITAIRE DE CARDIOLOGIE ET DE PNEUMOLOGIE DE QUÉBEC,51233914,HÔPITAL DE L'ENFANT-JÉSUS,252,86,10,4,10.5
03,51232130,INSTITUT UNIVERSITAIRE DE CARDIOLOGIE ET DE PNEUMOLOGIE DE QUÉBEC,51244804,CENTRE MULTISERVICES DE SANTÉ ET DE SERVICES SOCIAUX DE BAIE-SAINT-PAUL,252,10,81,9,6
03,51232130,INSTITUT UNIVERSITAIRE DE CARDIOLOGIE ET DE PNEUMOLOGIE DE QUÉBEC,51247302,CENTRE MULTISERVICES DE SANTÉ ET DE SERVICES SOCIAUX DE SAINT-RAYMOND,252,14,77,9,5.6
03,51232130,INSTITUT UNIVERSITAIRE DE CARDIOLOGIE ET DE PNEUMOLOGIE DE QUÉBEC,51247344,CENTRE MULTISERVICES DE SANTÉ ET DE SERVICES SOCIAUX DE SAINT-MARC-DES-CARRIÈRES,252,9,83,8,6.6
03,51233914,HÔPITAL DE L'ENFANT-JÉSUS,51244804,CENTRE MULTISERVICES DE SANTÉ ET DE SERVICES SOCIAUX DE BAIE-SAINT-PAUL,252,0,100,0,15.3
03,51233914,HÔPITAL DE L'ENFANT-JÉSUS,51247302,CENTRE MULTISERVICES DE SANTÉ ET DE SERVICES SOCIAUX DE SAINT-RAYMOND,252,2,98,0,14.7
03,51233914,HÔPITAL DE L'ENFANT-JÉSUS,51247344,CENTRE MULTISERVICES DE SANTÉ ET DE SERVICES SOCIAUX DE SAINT-MARC-DES-CARRIÈRES,252,1,98,2,15.7
06,51235190,HÔPITAL DOUGLAS,51235307,INSTITUT UNIVERSITAIRE EN SANTÉ MENTALE DE MONTRÉAL,252,21,46,33,1.5
06,51235190,HÔPITAL DOUGLAS,51235919,HÔPITAL SANTA CABRINI,251,100,0,0,14.7
06,51235190,HÔPITAL DOUGLAS,51236297,CENTRE HOSPITALIER DE L'UNIVERSITÉ DE MONTRÉAL,251,100,0,0,37.2
06,51235190,HÔPITAL DOUGLAS,51236313,HÔPITAL NOTRE-DAME,251,97,2,2,10.6
06,51235190,HÔPITAL DOUGLAS,51248201,INSTITUT DE CARDIOLOGIE DE MONTRÉAL,252,53,22,25,1.9
06,51235190,HÔPITAL DOUGLAS,51248219,HÔPITAL GÉNÉRAL DE MONTRÉAL,252,99,0,0,10.1
06,51235190,HÔPITAL DOUGLAS,51248243,CENTRE HOSPITALIER DE ST. MARY,252,98,0,1,12.9
06,51235190,HÔPITAL DOUGLAS,51248250,HÔPITAL GÉNÉRAL JUIF,250,100,0,0,26.7
06,51235307,INSTITUT UNIVERSITAIRE EN SANTÉ MENTALE DE MONTRÉAL,51235919,HÔPITAL SANTA CABRINI,251,100,0,0,15.6
06,51235307,INSTITUT UNIVERSITAIRE EN SANTÉ MENTALE DE MONTRÉAL,51236297,CENTRE HOSPITALIER DE L'UNIVERSITÉ DE MONTRÉAL,251,100,0,0,38.1
06,51235307,INSTITUT UNIVERSITAIRE EN SANTÉ MENTALE DE MONTRÉAL,51236313,HÔPITAL NOTRE-DAME,251,98,0,2,11.5
06,51235307,INSTITUT UNIVERSITAIRE EN SANTÉ MENTALE DE MONTRÉAL,51248201,INSTITUT DE CARDIOLOGIE DE MONTRÉAL,252,63,13,24,2
06,51235307,INSTITUT UNIVERSITAIRE EN SANTÉ MENTALE DE MONTRÉAL,51248219,HÔPITAL GÉNÉRAL DE MONTRÉAL,252,100,0,0,10.9
06,51235307,INSTITUT UNIVERSITAIRE EN SANTÉ MENTALE DE MONTRÉAL,51248243,CENTRE HOSPITALIER DE ST. MARY,252,100,0,0,13.8
06,51235307,INSTITUT UNIVERSITAIRE EN SANTÉ MENTALE DE MONTRÉAL,51248250,HÔPITAL GÉNÉRAL JUIF,250,100,0,0,27.6
06,51235919,HÔPITAL SANTA CABRINI,51236297,CENTRE HOSPITALIER DE L'UNIVERSITÉ DE MONTRÉAL,250,99,1,0,22.6
06,51235919,HÔPITAL SANTA CABRINI,51236313,HÔPITAL NOTRE-DAME,250,25,71,4,5.5
06,51235919,HÔPITAL SANTA CABRINI,51248201,INSTITUT DE CARDIOLOGIE DE MONTRÉAL,251,0,100,0,14
06,51235919,HÔPITAL SANTA CABRINI,51248219,HÔPITAL GÉNÉRAL DE MONTRÉAL,251,24,73,3,7.5
06,51235919,HÔPITAL SANTA CABRINI,51248243,CENTRE HOSPITALIER DE ST. MARY,251,39,56,5,7.1
06,51235919,HÔPITAL SANTA CABRINI,51248250,HÔPITAL GÉNÉRAL JUIF,249,84,13,2,13.2
06,51236297,CENTRE HOSPITALIER DE L'UNIVERSITÉ DE MONTRÉAL,51236313,HÔPITAL NOTRE-DAME,250,0,100,0,26.7
06,51236297,CENTRE HOSPITALIER DE L'UNIVERSITÉ DE MONTRÉAL,51248201,INSTITUT DE CARDIOLOGIE DE MONTRÉAL,251,0,100,0,36.5
06,51236297,CENTRE HOSPITALIER DE L'UNIVERSITÉ DE MONTRÉAL,51248219,HÔPITAL GÉNÉRAL DE MONTRÉAL,251,0,100,0,27.2
06,51236297,CENTRE HOSPITALIER DE L'UNIVERSITÉ DE MONTRÉAL,51248243,CENTRE HOSPITALIER DE ST. MARY,251,0,100,0,24.3
06,51236297,CENTRE HOSPITALIER DE L'UNIVERSITÉ DE MONTRÉAL,51248250,HÔPITAL GÉNÉRAL JUIF,249,18,79,2,14.5
06,51236313,HÔPITAL NOTRE-DAME,51248201,INSTITUT DE CARDIOLOGIE DE MONTRÉAL,251,3,94,3,10
06,51236313,HÔPITAL NOTRE-DAME,51248219,HÔPITAL GÉNÉRAL DE MONTRÉAL,251,45,48,7,5.1
06,51236313,HÔPITAL NOTRE-DAME,51248243,CENTRE HOSPITALIER DE ST. MARY,251,57,37,6,6.6
06,51236313,HÔPITAL NOTRE-DAME,51248250,HÔPITAL GÉNÉRAL JUIF,249,90,8,2,16.5
03,51244804,CENTRE MULTISERVICES DE SANTÉ ET DE SERVICES SOCIAUX DE BAIE-SAINT-PAUL,51247302,CENTRE MULTISERVICES DE SANTÉ ET DE SERVICES SOCIAUX DE SAINT-RAYMOND,252,47,33,21,3.2
03,51244804,CENTRE MULTISERVICES DE SANTÉ ET DE SERVICES SOCIAUX DE BAIE-SAINT-PAUL,51247344,CENTRE MULTISERVICES DE SANTÉ ET DE SERVICES SOCIAUX DE SAINT-MARC-DES-CARRIÈRES,252,35,42,23,2.9
09,51245108,CENTRE MULTISERVICES DE SANTÉ ET DE SERVICES SOCIAUX DE FERMONT,51245116,CENTRE MULTISERVICES DE SANTÉ ET DE SERVICES SOCIAUX DE LA MINGANIE,252,15,63,22,3.2
09,51245108,CENTRE MULTISERVICES DE SANTÉ ET DE SERVICES SOCIAUX DE FERMONT,51245132,CENTRE MULTISERVICES DE SANTÉ ET DE SERVICES SOCIAUX DE PORT-CARTIER,252,32,44,23,3
09,51245108,CENTRE MULTISERVICES DE SANTÉ ET DE SERVICES SOCIAUX DE FERMONT,51245140,CENTRE MULTISERVICES DE SANTÉ ET DE SERVICES SOCIAUX DE LA BASSE-CÔTE-NORD,252,4,73,22,3.7
09,51245116,CENTRE MULTISERVICES DE SANTÉ ET DE SERVICES SOCIAUX DE LA MINGANIE,51245132,CENTRE MULTISERVICES DE SANTÉ ET DE SERVICES SOCIAUX DE PORT-CARTIER,252,58,13,29,2.4
09,51245116,CENTRE MULTISERVICES DE SANTÉ ET DE SERVICES SOCIAUX DE LA MINGANIE,51245140,CENTRE MULTISERVICES DE SANTÉ ET DE SERVICES SOCIAUX DE LA BASSE-CÔTE-NORD,252,9,45,46,1.2
09,51245132,CENTRE MULTISERVICES DE SANTÉ ET DE SERVICES SOCIAUX DE PORT-CARTIER,51245140,CENTRE MULTISERVICES DE SANTÉ ET DE SERVICES SOCIAUX DE LA BASSE-CÔTE-NORD,252,1,67,32,3
12,51245199,CHSLD ET HÔPITAL PAUL-GILBERT,51245223,HÔPITAL DE MONTMAGNY,252,44,43,13,4.9
12,51245199,CHSLD ET HÔPITAL PAUL-GILBERT,51245231,HÔPITAL DE THETFORD,251,67,25,8,6.3
12,51245223,HÔPITAL DE MONTMAGNY,51245231,HÔPITAL DE THETFORD,251,71,22,8,5.8
15,51245306,CENTRE MULTISERVICES DE SANTÉ ET DE SERVICES SOCIAUX D'ARGENTEUIL,51246874,CENTRE MULTISERVICES DE SANTÉ ET DE SERVICES SOCIAUX DE SAINTE-AGATHE,251,82,14,4,8.3
03,51247302,CENTRE MULTISERVICES DE SANTÉ ET DE SERVICES SOCIAUX DE SAINT-RAYMOND,51247344,CENTRE MULTISERVICES DE SANTÉ ET DE SERVICES SOCIAUX DE SAINT-MARC-DES-CARRIÈRES,252,29,49,22,2.9
08,51247476,CENTRE MULTISERVICES DE SANTÉ ET DE SERVICES SOCIAUX DE TÉMISCAMING-KIPAWA,51247542,CENTRE MULTISERVICES DE SANTÉ ET DE SERVICES SOCIAUX DE VILLE-MARIE,252,77,4,18,4.2
08,51247476,CENTRE MULTISERVICES DE SANTÉ ET DE SERVICES SOCIAUX DE TÉMISCAMING-KIPAWA,51247559,CENTRE MULTISERVICES DE SANTÉ ET DE SERVICES SOCIAUX DE LA SARRE,252,79,3,18,4.3
08,51247542,CENTRE MULTISERVICES DE SANTÉ ET DE SERVICES SOCIAUX DE VILLE-MARIE,51247559,CENTRE MULTISERVICES DE SANTÉ ET DE SERVICES SOCIAUX DE LA SARRE,252,44,40,16,2.9
05,51247583,CENTRE MULTISERVICES DE SANTÉ ET DE SERVICES SOCIAUX DES SOURCES,51247617,CENTRE MULTISERVICES DE SANTÉ ET DE SERVICES SOCIAUX DE LA MRC DE COATICOOK,252,29,56,15,5.5
11,51247732,CENTRE MULTISERVICES DE SANTÉ ET DE SERVICES SOCIAUX DE GRANDE-VALLÉE,51247799,HÔPITAL ET CLSC DE SAINTE-ANNE-DES-MONTS,252,60,6,35,2.8
06,51248201,INSTITUT DE CARDIOLOGIE DE MONTRÉAL,51248219,HÔPITAL GÉNÉRAL DE MONTRÉAL,252,95,2,3,9.4
06,51248201,INSTITUT DE CARDIOLOGIE DE MONTRÉAL,51248243,CENTRE HOSPITALIER DE ST. MARY,252,98,1,1,12.2
06,51248201,INSTITUT DE CARDIOLOGIE DE MONTRÉAL,51248250,HÔPITAL GÉNÉRAL JUIF,250,100,0,0,25.9
06,51248219,HÔPITAL GÉNÉRAL DE MONTRÉAL,51248243,CENTRE HOSPITALIER DE ST. MARY,252,62,34,4,6.3
06,51248219,HÔPITAL GÉNÉRAL DE MONTRÉAL,51248250,HÔPITAL GÉNÉRAL JUIF,250,88,10,2,17.9
06,51248243,CENTRE HOSPITALIER DE ST. MARY,51248250,HÔPITAL GÉNÉRAL JUIF,250,85,14,2,15.3
