facility_id,facility_name,region_name,hours,distinct_published_values,smallest_step_pct,implied_stretchers,people_min,people_max,hour_pairs_scored,agree_pct,disagree_pct,blind_pct
51218543,CENTRE DE SANTÉ DE RADISSON,Nord-du-Québec,232,1,,,0,3,17493,0.0,0.0,100.0
51221307,CLSC ET CENTRE DE SERVICES AMBULATOIRES DE MURDOCHVILLE,Gaspésie-Îles-de-la-Madeleine,232,1,,,0,14,19047,0.0,0.0,100.0
51218535,CENTRE DE SANTÉ ISLE-DIEU,Nord-du-Québec,232,2,100.0,1,0,10,21111,11.7,2.4,85.8
51218519,CENTRE DE SANTÉ RENÉ-RICARD,Nord-du-Québec,232,2,100.0,1,0,5,19053,14.3,6.1,79.5
51245058,CENTRE MULTISERVICES DE SANTÉ ET DE SERVICES SOCIAUX DE MANSFIELD-ET-PONTEFRACT,Outaouais,232,4,50.0,2,0,14,24150,20.5,6.4,73.1
51247476,CENTRE MULTISERVICES DE SANTÉ ET DE SERVICES SOCIAUX DE TÉMISCAMING-KIPAWA,Abitibi-Témiscamingue,232,3,100.0,1,0,13,18322,31.3,4.7,63.9
51245108,CENTRE MULTISERVICES DE SANTÉ ET DE SERVICES SOCIAUX DE FERMONT,Côte-Nord,232,3,50.0,2,0,19,24783,28.6,14.9,56.5
51245140,CENTRE MULTISERVICES DE SANTÉ ET DE SERVICES SOCIAUX DE LA BASSE-CÔTE-NORD,Côte-Nord,232,4,25.0,4,0,8,16174,46.3,2.7,51.0
51218527,CENTRE DE SANTÉ LEBEL,Nord-du-Québec,232,2,50.0,2,0,9,21316,37.2,13.5,49.3
51219418,CLSC DE POHÉNÉGAMOOK,Bas-Saint-Laurent,232,3,33.0,3,0,12,22345,29.0,25.0,46.1
51247732,CENTRE MULTISERVICES DE SANTÉ ET DE SERVICES SOCIAUX DE GRANDE-VALLÉE,Gaspésie-Îles-de-la-Madeleine,232,4,50.0,2,0,10,21833,46.3,12.6,41.1
51219491,CLSC ET CENTRE D'HÉBERGEMENT DE LA PETITE-NATION,Outaouais,232,4,50.0,2,0,19,18795,57.3,5.1,37.6
51236156,CENTRE MULTISERVICES DE SANTÉ ET DE SERVICES SOCIAUX DE TROIS-PISTOLES,Bas-Saint-Laurent,231,4,33.0,3,0,16,23967,41.8,21.7,36.4
51218741,CENTRE MULTISERVICES DE SANTÉ ET DE SERVICES SOCIAUX DE FORESTVILLE,Côte-Nord,232,5,20.0,5,0,14,23769,50.1,14.7,35.2
51225001,CENTRE MULTISERVICES DE SANTÉ ET DE SERVICES SOCIAUX CHAUVEAU,Capitale-Nationale,232,5,20.0,5,1,71,24706,60.0,8.0,32.0
51247583,CENTRE MULTISERVICES DE SANTÉ ET DE SERVICES SOCIAUX DES SOURCES,Estrie,232,6,14.0,7,0,23,25376,35.6,35.6,28.8
51218733,CENTRE MULTISERVICES DE SANTÉ ET DE SERVICES SOCIAUX DES ESCOUMINS,Côte-Nord,232,5,33.0,3,0,18,24520,50.6,20.6,28.8
51247617,CENTRE MULTISERVICES DE SANTÉ ET DE SERVICES SOCIAUX DE LA MRC DE COATICOOK,Estrie,232,7,16.0,6,0,31,22412,63.9,7.8,28.2
51247344,CENTRE MULTISERVICES DE SANTÉ ET DE SERVICES SOCIAUX DE SAINT-MARC-DES-CARRIÈRES,Capitale-Nationale,232,8,33.0,3,1,18,24926,55.2,20.4,24.4
51225357,CENTRE MULTISERVICES DE SANTÉ ET DE SERVICES SOCIAUX DE SAINTE-ANNE-DE-BEAUPRÉ,Capitale-Nationale,232,6,25.0,4,0,26,25008,50.2,25.5,24.2
51247542,CENTRE MULTISERVICES DE SANTÉ ET DE SERVICES SOCIAUX DE VILLE-MARIE,Abitibi-Témiscamingue,232,7,20.0,5,0,18,24955,50.6,28.2,21.1
51219459,HÔPITAL ET CHSLD DU PONTIAC,Outaouais,232,8,25.0,4,0,19,24895,37.0,42.1,20.8
51227783,HÔPITAL DE L'ARCHIPEL,Gaspésie-Îles-de-la-Madeleine,232,8,16.0,6,0,15,24712,64.3,15.3,20.4
51220978,CLSC ET CENTRE DE SERVICES AMBULATOIRES DE PASPÉBIAC,Gaspésie-Îles-de-la-Madeleine,232,7,25.0,4,0,18,24828,56.6,23.9,19.5
51244804,CENTRE MULTISERVICES DE SANTÉ ET DE SERVICES SOCIAUX DE BAIE-SAINT-PAUL,Capitale-Nationale,232,8,12.0,8,0,20,25122,55.0,26.5,18.5
51245116,CENTRE MULTISERVICES DE SANTÉ ET DE SERVICES SOCIAUX DE LA MINGANIE,Côte-Nord,232,7,50.0,2,0,11,23584,69.8,12.0,18.1
51223832,CENTRE MULTISERVICES DE SANTÉ ET DE SERVICES SOCIAUX DU GRANIT,Estrie,232,9,20.0,5,0,25,25439,55.1,27.0,17.9
51221141,HÔPITAL NOTRE-DAME-DE-FATIMA,Bas-Saint-Laurent,232,8,14.0,7,0,20,25094,61.0,21.2,17.8
51247559,CENTRE MULTISERVICES DE SANTÉ ET DE SERVICES SOCIAUX DE LA SARRE,Abitibi-Témiscamingue,232,8,20.0,5,0,22,25397,64.7,17.9,17.4
51247799,HÔPITAL ET CLSC DE SAINTE-ANNE-DES-MONTS,Gaspésie-Îles-de-la-Madeleine,232,8,16.0,6,0,20,25090,62.0,20.9,17.1
51245132,CENTRE MULTISERVICES DE SANTÉ ET DE SERVICES SOCIAUX DE PORT-CARTIER,Côte-Nord,232,7,20.0,5,1,20,25182,61.7,21.3,16.9
51228799,HÔPITAL ET CHSLD MÉMORIAL DE WAKEFIELD / WAKEFIELD MEMORIAL HOSPITAL,Outaouais,232,8,25.0,4,1,31,25729,55.2,28.1,16.7
51228690,HÔPITAL ET CLSC DE LA MALBAIE,Capitale-Nationale,232,9,11.0,9,1,20,25030,55.1,28.5,16.3
51227775,HÔPITAL DE CHANDLER,Gaspésie-Îles-de-la-Madeleine,232,10,12.0,8,2,33,25558,52.3,31.7,16.0
51218501,CENTRE DE SANTÉ DE CHIBOUGAMAU,Nord-du-Québec,232,11,16.0,6,2,20,24455,62.4,21.7,16.0
51226892,HÔPITAL D'AMQUI,Bas-Saint-Laurent,232,8,16.0,6,0,20,25179,65.6,18.7,15.7
51228922,HÔPITAL DE ROUYN-NORANDA,Abitibi-Témiscamingue,232,10,12.0,8,5,44,25891,58.3,26.9,14.8
51221364,HÔPITAL DE LA BAIE,Saguenay-Lac-Saint-Jean,232,10,14.0,7,3,28,25501,51.1,34.3,14.6
51221877,HÔPITAL DE NOTRE-DAME-DU-LAC,Bas-Saint-Laurent,232,9,20.0,5,4,22,25003,70.1,15.3,14.6
51218980,HÔPITAL DE MATANE,Bas-Saint-Laurent,232,10,14.0,7,0,28,25513,69.6,15.9,14.4
51220903,HÔPITAL DE GASPÉ,Gaspésie-Îles-de-la-Madeleine,232,12,16.0,6,6,27,25078,52.0,33.7,14.3
51227908,HÔPITAL ET GROUPE DE MÉDECINE DE FAMILLE UNIVERSITAIRE DE MARIA,Gaspésie-Îles-de-la-Madeleine,232,11,10.0,10,2,28,25495,62.1,24.0,13.9
51219384,HÔPITAL DE DOLBEAU-MISTASSINI,Saguenay-Lac-Saint-Jean,232,10,10.0,10,4,24,25214,49.3,36.8,13.8
51228005,HÔPITAL BARRIE MEMORIAL / BARRIE MEMORIAL HOSPITAL,Montérégie,232,11,20.0,5,12,45,25806,50.7,35.5,13.8
51247302,CENTRE MULTISERVICES DE SANTÉ ET DE SERVICES SOCIAUX DE SAINT-RAYMOND,Capitale-Nationale,232,11,14.0,7,1,25,25514,62.5,24.1,13.4
51228765,CLSC ET HÔPITAL LE ROYER,Côte-Nord,232,11,10.0,10,5,35,25497,55.5,31.6,12.8
51218352,CENTRE HOSPITALIER RÉGIONAL DU GRAND-PORTAGE,Bas-Saint-Laurent,232,13,11.0,9,5,36,25685,64.2,24.0,11.9
51221893,HÔPITAL DE MANIWAKI,Outaouais,232,11,16.0,6,3,29,25379,73.1,15.4,11.4
51219046,CENTRE MULTISERVICES DE SANTÉ ET DE SERVICES SOCIAUX DE MEMPHRÉMAGOG,Estrie,232,12,9.0,11,7,34,25531,61.0,27.7,11.3
51219400,HÔPITAL D'ALMA,Saguenay-Lac-Saint-Jean,232,14,5.0,20,2,40,25897,60.4,28.5,11.2
51225589,HÔPITAL DE VAL-D'OR,Abitibi-Témiscamingue,232,15,9.0,11,4,46,25893,60.7,28.2,11.1
51245223,HÔPITAL DE MONTMAGNY,Chaudière-Appalaches,232,14,10.0,10,4,47,25884,60.2,29.0,10.9
51227882,HÔPITAL RÉGIONAL DE RIMOUSKI,Bas-Saint-Laurent,232,13,8.0,12,14,49,25894,50.5,38.9,10.6
51228906,HÔPITAL D'AMOS,Abitibi-Témiscamingue,232,14,14.0,7,5,37,25509,62.9,26.8,10.3
51245306,CENTRE MULTISERVICES DE SANTÉ ET DE SERVICES SOCIAUX D'ARGENTEUIL,Laurentides,232,13,12.0,8,6,31,25508,65.4,24.4,10.2
51217628,CENTRE MULTISERVICES DE SANTÉ ET DE SERVICES SOCIAUX DE RIVIÈRE-ROUGE,Laurentides,232,15,20.0,5,2,32,25706,63.8,26.4,9.8
51228310,HÔPITAL DE LACHINE,Montréal,232,20,7.0,14,14,42,25512,60.7,29.6,9.7
51245231,HÔPITAL DE THETFORD,Chaudière-Appalaches,231,17,6.0,17,12,62,25910,51.4,39.0,9.6
51217610,HÔPITAL DE MONT-LAURIER,Laurentides,232,15,12.0,8,5,40,25753,66.6,23.9,9.6
51217586,L'HÔTEL-DIEU DE QUÉBEC,Capitale-Nationale,232,15,6.0,17,9,34,25426,71.4,19.1,9.5
51232023,HÔPITAL ET CLSC DE SEPT-ÎLES,Côte-Nord,232,14,10.0,10,18,45,25421,62.6,28.1,9.3
51228203,HÔPITAL ET CENTRE D'HÉBERGEMENT DE ROBERVAL,Saguenay-Lac-Saint-Jean,232,15,7.0,14,3,39,25615,75.4,15.2,9.3
51248201,INSTITUT DE CARDIOLOGIE DE MONTRÉAL,Montréal,232,17,4.0,25,4,33,25250,69.6,21.2,9.2
51232130,INSTITUT UNIVERSITAIRE DE CARDIOLOGIE ET DE PNEUMOLOGIE DE QUÉBEC,Capitale-Nationale,232,20,5.0,20,16,52,25897,63.5,27.6,8.9
51224392,HÔPITAL DE LASALLE,Montréal,232,16,6.0,17,23,54,25502,57.1,34.2,8.7
51224541,HÔPITAL ET CENTRE DE RÉADAPTATION DE JONQUIÈRE,Saguenay-Lac-Saint-Jean,232,20,6.0,17,10,40,25547,58.0,33.3,8.7
51235307,INSTITUT UNIVERSITAIRE EN SANTÉ MENTALE DE MONTRÉAL,Montréal,232,15,8.0,12,3,20,24110,77.5,13.9,8.6
51217529,HÔPITAL DU SAINT-SACREMENT,Capitale-Nationale,232,17,4.0,25,16,63,25934,57.8,34.1,8.1
51228823,HÔPITAL ET CHSLD DE PAPINEAU,Outaouais,232,19,8.0,12,11,45,25437,63.2,28.9,7.9
51229136,HÔPITAL DU SUROÎT,Montérégie,232,19,3.0,33,50,98,26028,64.9,27.2,7.8
51228120,HÔPITAL DE GRANBY,Estrie,232,23,5.0,20,31,81,26076,55.4,36.9,7.7
51229185,HÔPITAL BROME-MISSISQUOI-PERKINS,Estrie,232,18,6.0,17,16,60,25858,63.5,29.1,7.4
51248243,CENTRE HOSPITALIER DE ST. MARY,Montréal,232,19,4.0,25,33,72,25897,63.4,29.6,7.0
51248219,HÔPITAL GÉNÉRAL DE MONTRÉAL,Montréal,232,19,3.0,33,54,95,25804,54.3,38.7,6.9
51217602,HÔPITAL SAINT-FRANÇOIS D'ASSISE,Capitale-Nationale,232,24,2.0,50,30,79,26056,72.6,20.7,6.7
51235190,HÔPITAL DOUGLAS,Montréal,232,18,12.0,8,1,19,24839,82.3,11.0,6.7
51229045,HÔPITAL DU HAUT-RICHELIEU,Montérégie,232,26,2.0,50,47,108,26205,64.0,30.0,5.9
51228278,HÔPITAL GÉNÉRAL DU LAKESHORE,Montréal,231,25,3.0,33,58,106,25714,58.1,36.1,5.7
51223279,L'HÔPITAL DE MONTRÉAL POUR ENFANTS,Montréal,232,22,8.0,12,13,98,26382,71.3,23.0,5.6
51229151,HÔPITAL ANNA-LABERGE,Montérégie,228,26,3.0,33,49,89,25113,60.6,34.2,5.3
51222800,CHU SAINTE-JUSTINE,Montréal,231,22,6.0,17,19,97,26060,78.0,16.7,5.3
51229102,HÔTEL-DIEU DE SOREL,Montérégie,232,29,5.0,20,22,67,26008,73.8,21.0,5.2
51218097,HÔPITAL DE VERDUN,Montréal,232,28,3.0,33,26,74,26057,57.1,37.9,5.0
51236313,HÔPITAL NOTRE-DAME,Montréal,231,22,2.0,50,43,88,25514,59.2,35.8,5.0
51228062,HÔPITAL PIERRE-LE GARDEUR,Lanaudière,229,30,2.0,50,75,141,25598,46.8,48.6,4.7
51246874,CENTRE MULTISERVICES DE SANTÉ ET DE SERVICES SOCIAUX DE SAINTE-AGATHE,Laurentides,232,26,5.0,20,23,67,25983,65.3,30.0,4.7
51223295,HÔPITAL ROYAL VICTORIA,Montréal,232,29,3.0,33,88,149,26274,65.7,29.8,4.6
51229193,HÔPITAL HONORÉ-MERCIER,Montérégie,231,27,3.0,33,28,84,25946,66.3,29.2,4.6
51218394,HÔPITAL DE CHICOUTIMI,Saguenay-Lac-Saint-Jean,231,29,2.0,50,22,79,26003,74.7,20.7,4.6
51244945,HÔPITAL DE LANAUDIÈRE ET CENTRE D'HÉBERGEMENT PARPHILIA-FERLAND,Lanaudière,232,35,2.0,50,50,121,26253,62.0,33.6,4.4
51228864,HÔPITAL DE SAINT-EUSTACHE,Laurentides,232,30,2.0,50,61,122,26212,60.4,35.3,4.3
51233914,HÔPITAL DE L'ENFANT-JÉSUS,Capitale-Nationale,232,30,2.0,50,46,105,26298,67.3,28.5,4.3
51235919,HÔPITAL SANTA CABRINI,Montréal,231,32,2.0,50,40,85,25909,75.1,20.6,4.3
51221711,HÔPITAL DE HULL,Outaouais,231,30,4.0,25,45,94,25698,71.3,24.6,4.1
51217594,CENTRE HOSPITALIER DE L'UNIVERSITÉ LAVAL,Capitale-Nationale,232,32,2.0,50,38,109,26325,73.5,22.4,4.1
51228880,HÔPITAL DE SAINT-JÉRÔME,Laurentides,232,28,2.0,50,70,150,26120,61.7,34.3,4.0
51216687,CHUS - HÔPITAL FLEURIMONT,Estrie,232,27,2.0,50,26,80,26224,80.0,16.2,3.8
51233799,HÔPITAL CHARLES-LE MOYNE,Montérégie,229,31,2.0,50,73,166,25692,54.5,41.9,3.7
51228757,HÔPITAL DE LA CITÉ-DE-LA-SANTÉ,Laval,231,38,2.0,50,95,173,26152,63.5,32.9,3.6
51228971,HÔPITAL DE SAINT-GEORGES,Chaudière-Appalaches,232,36,4.0,25,11,66,26160,74.7,21.7,3.6
51216695,CHUS - HÔTEL-DIEU DE SHERBROOKE,Estrie,232,37,2.0,50,48,100,25959,79.9,16.5,3.6
51221703,HÔPITAL DE GATINEAU,Outaouais,231,36,3.0,33,43,100,26051,75.8,20.7,3.5
51229011,HÔPITAL PIERRE-BOUCHER,Montérégie,232,38,2.0,50,86,142,26240,70.8,25.9,3.4
51227569,HÔTEL-DIEU DE LÉVIS,Chaudière-Appalaches,232,41,2.0,50,46,121,26380,71.8,24.8,3.4
12934659,HÔPITAL MAISONNEUVE-ROSEMONT,Montréal,231,41,1.0,100,78,164,26088,67.9,29.0,3.2
51236297,CENTRE HOSPITALIER DE L'UNIVERSITÉ DE MONTRÉAL,Montréal,231,40,1.0,100,86,167,26074,62.0,35.0,3.0
51248250,HÔPITAL GÉNÉRAL JUIF,Montréal,230,57,1.0,100,82,195,25973,83.4,14.2,2.4
