facility_id,facility_name,region_name,hours,first_hour,last_hour,los_stretcher_n,los_stretcher_mean_h,los_stretcher_mean_nonzero_h,los_stretcher_max_h,los_stretcher_zero_hours,los_ambulatory_n,los_ambulatory_mean_h,los_ambulatory_mean_nonzero_h,los_ambulatory_max_h,los_ambulatory_zero_hours
51247559,CENTRE MULTISERVICES DE SANTÉ ET DE SERVICES SOCIAUX DE LA SARRE,Abitibi-Témiscamingue,181,2026-09-03T21:00,2026-09-11T09:00,181,9.7,9.7,14.08,0,181,3.46,3.46,4.58,0
51247476,CENTRE MULTISERVICES DE SANTÉ ET DE SERVICES SOCIAUX DE TÉMISCAMING-KIPAWA,Abitibi-Témiscamingue,181,2026-09-03T21:00,2026-09-11T09:00,181,2.79,8.28,30.18,120,181,2.07,2.07,4.45,0
51247542,CENTRE MULTISERVICES DE SANTÉ ET DE SERVICES SOCIAUX DE VILLE-MARIE,Abitibi-Témiscamingue,181,2026-09-03T21:00,2026-09-11T09:00,181,11.52,11.52,18.87,0,181,4.14,4.14,5.7,0
51228906,HÔPITAL D'AMOS,Abitibi-Témiscamingue,181,2026-09-03T21:00,2026-09-11T09:00,181,10.66,10.66,15.1,0,181,4.03,4.03,5.57,0
51228922,HÔPITAL DE ROUYN-NORANDA,Abitibi-Témiscamingue,181,2026-09-03T21:00,2026-09-11T09:00,181,12.22,12.22,16.58,0,181,5.98,5.98,11.23,0
51225589,HÔPITAL DE VAL-D'OR,Abitibi-Témiscamingue,181,2026-09-03T21:00,2026-09-11T09:00,181,11.89,11.89,16.28,0,181,5.58,5.58,7.83,0
51218352,CENTRE HOSPITALIER RÉGIONAL DU GRAND-PORTAGE,Bas-Saint-Laurent,181,2026-09-03T21:00,2026-09-11T09:00,181,11.07,11.07,12.63,0,181,3.74,3.74,4.67,0
51236156,CENTRE MULTISERVICES DE SANTÉ ET DE SERVICES SOCIAUX DE TROIS-PISTOLES,Bas-Saint-Laurent,181,2026-09-03T21:00,2026-09-11T09:00,180,5.06,5.84,12.12,24,180,2.54,2.54,4.57,0
51219418,CLSC DE POHÉNÉGAMOOK,Bas-Saint-Laurent,181,2026-09-03T21:00,2026-09-11T09:00,181,6.59,7.59,21.32,24,181,1.82,1.82,3.72,0
51226892,HÔPITAL D'AMQUI,Bas-Saint-Laurent,181,2026-09-03T21:00,2026-09-11T09:00,181,6.58,6.58,8.83,0,181,3,3,4.17,0
51218980,HÔPITAL DE MATANE,Bas-Saint-Laurent,181,2026-09-03T21:00,2026-09-11T09:00,181,5.41,5.41,9.78,0,181,3.66,3.66,5.58,0
51221877,HÔPITAL DE NOTRE-DAME-DU-LAC,Bas-Saint-Laurent,181,2026-09-03T21:00,2026-09-11T09:00,181,7.21,7.21,12.7,0,181,2.67,2.67,3.73,0
51221141,HÔPITAL NOTRE-DAME-DE-FATIMA,Bas-Saint-Laurent,181,2026-09-03T21:00,2026-09-11T09:00,181,6.8,6.8,8.48,0,181,2.95,2.95,3.82,0
51227882,HÔPITAL RÉGIONAL DE RIMOUSKI,Bas-Saint-Laurent,181,2026-09-03T21:00,2026-09-11T09:00,181,12.69,12.69,16.08,0,181,5.13,5.13,7.53,0
51217594,CENTRE HOSPITALIER DE L'UNIVERSITÉ LAVAL,Capitale-Nationale,181,2026-09-03T21:00,2026-09-11T09:00,181,10.78,10.78,13.58,0,181,5.02,5.02,5.77,0
51225001,CENTRE MULTISERVICES DE SANTÉ ET DE SERVICES SOCIAUX CHAUVEAU,Capitale-Nationale,181,2026-09-03T21:00,2026-09-11T09:00,181,4.71,4.71,7.22,0,181,3.18,3.18,4.08,0
51244804,CENTRE MULTISERVICES DE SANTÉ ET DE SERVICES SOCIAUX DE BAIE-SAINT-PAUL,Capitale-Nationale,181,2026-09-03T21:00,2026-09-11T09:00,181,10.79,10.79,15.07,0,181,3.54,3.54,5.28,0
51247344,CENTRE MULTISERVICES DE SANTÉ ET DE SERVICES SOCIAUX DE SAINT-MARC-DES-CARRIÈRES,Capitale-Nationale,181,2026-09-03T21:00,2026-09-11T09:00,181,6.61,6.61,11.73,0,181,2.44,2.44,3.98,0
51247302,CENTRE MULTISERVICES DE SANTÉ ET DE SERVICES SOCIAUX DE SAINT-RAYMOND,Capitale-Nationale,181,2026-09-03T21:00,2026-09-11T09:00,181,8.9,8.9,13.83,0,181,3.41,3.41,5.05,0
51225357,CENTRE MULTISERVICES DE SANTÉ ET DE SERVICES SOCIAUX DE SAINTE-ANNE-DE-BEAUPRÉ,Capitale-Nationale,181,2026-09-03T21:00,2026-09-11T09:00,181,8.51,8.51,12.78,0,181,3.35,3.35,4.62,0
51233914,HÔPITAL DE L'ENFANT-JÉSUS,Capitale-Nationale,181,2026-09-03T21:00,2026-09-11T09:00,181,15.12,15.12,19.72,0,181,4.62,4.62,5.38,0
51217529,HÔPITAL DU SAINT-SACREMENT,Capitale-Nationale,181,2026-09-03T21:00,2026-09-11T09:00,181,16.02,16.02,19.93,0,181,4.1,4.1,5.18,0
51228690,HÔPITAL ET CLSC DE LA MALBAIE,Capitale-Nationale,181,2026-09-03T21:00,2026-09-11T09:00,181,9.59,9.59,15.28,0,181,3.24,3.24,4.62,0
51217602,HÔPITAL SAINT-FRANÇOIS D'ASSISE,Capitale-Nationale,181,2026-09-03T21:00,2026-09-11T09:00,181,16.82,16.82,19.38,0,181,4.85,4.85,5.98,0
51232130,INSTITUT UNIVERSITAIRE DE CARDIOLOGIE ET DE PNEUMOLOGIE DE QUÉBEC,Capitale-Nationale,181,2026-09-03T21:00,2026-09-11T09:00,181,12.45,12.45,12.95,0,181,4.3,4.3,6.63,0
51217586,L'HÔTEL-DIEU DE QUÉBEC,Capitale-Nationale,181,2026-09-03T21:00,2026-09-11T09:00,181,11.59,11.59,14.28,0,181,3.19,3.19,3.78,0
51245199,CHSLD ET HÔPITAL PAUL-GILBERT,Chaudière-Appalaches,181,2026-09-03T21:00,2026-09-11T09:00,181,1.41,2.41,2.92,75,181,2.9,2.9,3.75,0
51245223,HÔPITAL DE MONTMAGNY,Chaudière-Appalaches,181,2026-09-03T21:00,2026-09-11T09:00,181,11.84,11.84,16.02,0,181,2.94,2.94,3.98,0
51228971,HÔPITAL DE SAINT-GEORGES,Chaudière-Appalaches,181,2026-09-03T21:00,2026-09-11T09:00,181,10.76,10.76,17.93,0,181,5,5,6.27,0
51245231,HÔPITAL DE THETFORD,Chaudière-Appalaches,181,2026-09-03T21:00,2026-09-11T09:00,180,14.37,14.37,18.92,0,180,4.74,4.74,6.7,0
51227569,HÔTEL-DIEU DE LÉVIS,Chaudière-Appalaches,181,2026-09-03T21:00,2026-09-11T09:00,181,18.68,18.68,24.25,0,181,4.08,4.08,4.73,0
51245108,CENTRE MULTISERVICES DE SANTÉ ET DE SERVICES SOCIAUX DE FERMONT,Côte-Nord,181,2026-09-03T21:00,2026-09-11T09:00,181,5.86,12.47,30.83,96,181,7.72,7.72,11.32,0
51218741,CENTRE MULTISERVICES DE SANTÉ ET DE SERVICES SOCIAUX DE FORESTVILLE,Côte-Nord,181,2026-09-03T21:00,2026-09-11T09:00,181,6.53,6.53,10.32,0,181,3.11,3.11,4.27,0
51245140,CENTRE MULTISERVICES DE SANTÉ ET DE SERVICES SOCIAUX DE LA BASSE-CÔTE-NORD,Côte-Nord,181,2026-09-03T21:00,2026-09-11T09:00,181,2.99,4.06,6.2,48,181,2.05,2.05,3.22,0
51245116,CENTRE MULTISERVICES DE SANTÉ ET DE SERVICES SOCIAUX DE LA MINGANIE,Côte-Nord,181,2026-09-03T21:00,2026-09-11T09:00,181,5.17,5.17,10.33,0,181,2.22,2.22,4.47,0
51245132,CENTRE MULTISERVICES DE SANTÉ ET DE SERVICES SOCIAUX DE PORT-CARTIER,Côte-Nord,181,2026-09-03T21:00,2026-09-11T09:00,181,14.97,14.97,33.17,0,181,3.92,3.92,6.02,0
51218733,CENTRE MULTISERVICES DE SANTÉ ET DE SERVICES SOCIAUX DES ESCOUMINS,Côte-Nord,181,2026-09-03T21:00,2026-09-11T09:00,181,12.44,12.44,20.82,0,181,3.61,3.61,5.12,0
51228765,CLSC ET HÔPITAL LE ROYER,Côte-Nord,181,2026-09-03T21:00,2026-09-11T09:00,181,11.37,11.37,19.02,0,181,4.38,4.38,4.9,0
51232023,HÔPITAL ET CLSC DE SEPT-ÎLES,Côte-Nord,181,2026-09-03T21:00,2026-09-11T09:00,181,32.54,32.54,58.22,0,181,6.47,6.47,8.77,0
51247617,CENTRE MULTISERVICES DE SANTÉ ET DE SERVICES SOCIAUX DE LA MRC DE COATICOOK,Estrie,181,2026-09-03T21:00,2026-09-11T09:00,181,3.79,3.79,5.03,0,181,2.59,2.59,3.17,0
51219046,CENTRE MULTISERVICES DE SANTÉ ET DE SERVICES SOCIAUX DE MEMPHRÉMAGOG,Estrie,181,2026-09-03T21:00,2026-09-11T09:00,181,15.27,15.27,23.6,0,181,5.83,5.83,7.27,0
51247583,CENTRE MULTISERVICES DE SANTÉ ET DE SERVICES SOCIAUX DES SOURCES,Estrie,181,2026-09-03T21:00,2026-09-11T09:00,181,7.88,7.88,12.92,0,181,4.45,4.45,6.38,0
51223832,CENTRE MULTISERVICES DE SANTÉ ET DE SERVICES SOCIAUX DU GRANIT,Estrie,181,2026-09-03T21:00,2026-09-11T09:00,181,9.29,9.29,13.87,0,181,4.78,4.78,5.97,0
51216687,CHUS - HÔPITAL FLEURIMONT,Estrie,181,2026-09-03T21:00,2026-09-11T09:00,181,12.77,12.77,15.57,0,181,6.76,6.76,8.17,0
51216695,CHUS - HÔTEL-DIEU DE SHERBROOKE,Estrie,181,2026-09-03T21:00,2026-09-11T09:00,181,20.3,20.3,35.15,0,181,6.31,6.31,8.4,0
51229185,HÔPITAL BROME-MISSISQUOI-PERKINS,Estrie,181,2026-09-03T21:00,2026-09-11T09:00,181,16.92,16.92,19.7,0,181,6.82,6.82,7.85,0
51228120,HÔPITAL DE GRANBY,Estrie,181,2026-09-03T21:00,2026-09-11T09:00,181,16.57,16.57,19.02,0,181,8.43,8.43,11.07,0
51247732,CENTRE MULTISERVICES DE SANTÉ ET DE SERVICES SOCIAUX DE GRANDE-VALLÉE,Gaspésie-Îles-de-la-Madeleine,181,2026-09-03T21:00,2026-09-11T09:00,181,7.22,8.89,21.13,34,181,1.29,1.29,2.02,0
51221307,CLSC ET CENTRE DE SERVICES AMBULATOIRES DE MURDOCHVILLE,Gaspésie-Îles-de-la-Madeleine,181,2026-09-03T21:00,2026-09-11T09:00,181,0,,0,181,181,1.69,1.69,5.13,0
51220978,CLSC ET CENTRE DE SERVICES AMBULATOIRES DE PASPÉBIAC,Gaspésie-Îles-de-la-Madeleine,181,2026-09-03T21:00,2026-09-11T09:00,181,7.35,7.35,11.38,0,181,3.39,3.39,5.12,0
51227775,HÔPITAL DE CHANDLER,Gaspésie-Îles-de-la-Madeleine,181,2026-09-03T21:00,2026-09-11T09:00,181,21.92,21.92,47.02,0,181,5.11,5.11,7.13,0
51220903,HÔPITAL DE GASPÉ,Gaspésie-Îles-de-la-Madeleine,181,2026-09-03T21:00,2026-09-11T09:00,181,22.9,22.9,33.68,0,181,4.67,4.67,7.47,0
51227783,HÔPITAL DE L'ARCHIPEL,Gaspésie-Îles-de-la-Madeleine,181,2026-09-03T21:00,2026-09-11T09:00,181,9.26,9.26,12.48,0,181,2.65,2.65,4.08,0
51247799,HÔPITAL ET CLSC DE SAINTE-ANNE-DES-MONTS,Gaspésie-Îles-de-la-Madeleine,181,2026-09-03T21:00,2026-09-11T09:00,181,9.13,9.13,18.55,0,181,3.1,3.1,5.3,0
51227908,HÔPITAL ET GROUPE DE MÉDECINE DE FAMILLE UNIVERSITAIRE DE MARIA,Gaspésie-Îles-de-la-Madeleine,181,2026-09-03T21:00,2026-09-11T09:00,181,11.48,11.48,12.67,0,181,4.1,4.1,5.85,0
51244945,HÔPITAL DE LANAUDIÈRE ET CENTRE D'HÉBERGEMENT PARPHILIA-FERLAND,Lanaudière,181,2026-09-03T21:00,2026-09-11T09:00,181,16.33,16.33,17.83,0,181,5.98,5.98,9.18,0
51228062,HÔPITAL PIERRE-LE GARDEUR,Lanaudière,181,2026-09-03T21:00,2026-09-11T09:00,178,21.52,21.52,23.1,0,178,6.54,6.54,7.02,0
51245306,CENTRE MULTISERVICES DE SANTÉ ET DE SERVICES SOCIAUX D'ARGENTEUIL,Laurentides,181,2026-09-03T21:00,2026-09-11T09:00,181,12.69,12.69,15.87,0,181,6.08,6.08,7.37,0
51217628,CENTRE MULTISERVICES DE SANTÉ ET DE SERVICES SOCIAUX DE RIVIÈRE-ROUGE,Laurentides,181,2026-09-03T21:00,2026-09-11T09:00,181,12.05,12.05,20.93,0,181,5.7,5.7,8.07,0
51246874,CENTRE MULTISERVICES DE SANTÉ ET DE SERVICES SOCIAUX DE SAINTE-AGATHE,Laurentides,181,2026-09-03T21:00,2026-09-11T09:00,181,17.06,17.06,21.83,0,181,7.1,7.1,14.17,0
51217610,HÔPITAL DE MONT-LAURIER,Laurentides,181,2026-09-03T21:00,2026-09-11T09:00,181,17.7,17.7,24.47,0,181,7.17,7.17,10.13,0
51228864,HÔPITAL DE SAINT-EUSTACHE,Laurentides,181,2026-09-03T21:00,2026-09-11T09:00,181,20.51,20.51,24.12,0,181,7.07,7.07,8.67,0
51228880,HÔPITAL DE SAINT-JÉRÔME,Laurentides,181,2026-09-03T21:00,2026-09-11T09:00,181,20.09,20.09,25.92,0,181,6.66,6.66,7.93,0
51228757,HÔPITAL DE LA CITÉ-DE-LA-SANTÉ,Laval,181,2026-09-03T21:00,2026-09-11T09:00,180,19.31,19.31,23.62,0,180,6.36,6.36,8.23,0
51233583,CENTRE MULTISERVICES DE SANTÉ ET DE SERVICES SOCIAUX AVELLIN-DALCOURT,Mauricie et Centre-du-Québec,181,2026-09-03T21:00,2026-09-11T09:00,0,,,,0,0,,,,0
51246338,CENTRE MULTISERVICES DE SANTÉ ET DE SERVICES SOCIAUX CHRIST-ROI,Mauricie et Centre-du-Québec,181,2026-09-03T21:00,2026-09-11T09:00,0,,,,0,0,,,,0
51219160,CENTRE MULTISERVICES DE SANTÉ ET DE SERVICES SOCIAUX DE FORTIERVILLE,Mauricie et Centre-du-Québec,181,2026-09-03T21:00,2026-09-11T09:00,0,,,,0,0,,,,0
51219731,CENTRE MULTISERVICES DE SANTÉ ET DE SERVICES SOCIAUX DU HAUT-SAINT-MAURICE,Mauricie et Centre-du-Québec,181,2026-09-03T21:00,2026-09-11T09:00,0,,,,0,0,,,,0
51220051,HÔPITAL DU CENTRE-DE-LA-MAURICIE,Mauricie et Centre-du-Québec,181,2026-09-03T21:00,2026-09-11T09:00,0,,,,0,0,,,,0
51228781,HÔPITAL SAINTE-CROIX,Mauricie et Centre-du-Québec,181,2026-09-03T21:00,2026-09-11T09:00,0,,,,0,0,,,,0
51228039,HÔTEL-DIEU D'ARTHABASKA,Mauricie et Centre-du-Québec,181,2026-09-03T21:00,2026-09-11T09:00,0,,,,0,0,,,,0
51220168,PAVILLON SAINTE-MARIE,Mauricie et Centre-du-Québec,181,2026-09-03T21:00,2026-09-11T09:00,0,,,,0,0,,,,0
51236297,CENTRE HOSPITALIER DE L'UNIVERSITÉ DE MONTRÉAL,Montréal,181,2026-09-03T21:00,2026-09-11T09:00,180,16.91,16.91,18.52,0,180,8.59,8.59,9.45,0
51248243,CENTRE HOSPITALIER DE ST. MARY,Montréal,181,2026-09-03T21:00,2026-09-11T09:00,181,19.17,19.17,25.57,0,181,7.1,7.1,8.93,0
51222800,CHU SAINTE-JUSTINE,Montréal,181,2026-09-03T21:00,2026-09-11T09:00,180,6.65,6.65,7.68,0,180,4.26,4.26,5.07,0
51228310,HÔPITAL DE LACHINE,Montréal,181,2026-09-03T21:00,2026-09-11T09:00,181,26.27,26.27,47.7,0,181,4.73,4.73,6.13,0
51224392,HÔPITAL DE LASALLE,Montréal,181,2026-09-03T21:00,2026-09-11T09:00,181,18.62,18.62,28.08,0,181,6.72,6.72,8.37,0
51218097,HÔPITAL DE VERDUN,Montréal,181,2026-09-03T21:00,2026-09-11T09:00,181,21.3,21.3,26.87,0,181,5.14,5.14,5.73,0
51235190,HÔPITAL DOUGLAS,Montréal,181,2026-09-03T21:00,2026-09-11T09:00,181,14.83,14.83,20.22,0,181,3.94,3.94,5.05,0
12475976,HÔPITAL DU SACRÉ-COEUR-DE-MONTRÉAL,Montréal,181,2026-09-03T21:00,2026-09-11T09:00,0,,,,0,0,,,,0
51848752,HÔPITAL EN SANTÉ MENTALE ALBERT-PRÉVOST,Montréal,181,2026-09-03T21:00,2026-09-11T09:00,0,,,,0,0,,,,0
51228492,HÔPITAL FLEURY,Montréal,181,2026-09-03T21:00,2026-09-11T09:00,0,,,,0,0,,,,0
51248219,HÔPITAL GÉNÉRAL DE MONTRÉAL,Montréal,181,2026-09-03T21:00,2026-09-11T09:00,181,26.05,26.05,37.25,0,181,6.74,6.74,8.92,0
51228278,HÔPITAL GÉNÉRAL DU LAKESHORE,Montréal,181,2026-09-03T21:00,2026-09-11T09:00,180,30.97,30.97,46.77,0,180,6.4,6.4,7.58,0
51248250,HÔPITAL GÉNÉRAL JUIF,Montréal,181,2026-09-03T21:00,2026-09-11T09:00,179,15.68,15.68,20.38,0,179,4.22,4.22,5.07,0
51228500,HÔPITAL JEAN-TALON,Montréal,181,2026-09-03T21:00,2026-09-11T09:00,0,,,,0,0,,,,0
12934659,HÔPITAL MAISONNEUVE-ROSEMONT,Montréal,181,2026-09-03T21:00,2026-09-11T09:00,180,21.76,21.76,32.62,0,180,6.18,6.18,7.83,0
51236313,HÔPITAL NOTRE-DAME,Montréal,181,2026-09-03T21:00,2026-09-11T09:00,180,30.36,30.36,60.25,0,180,5.59,5.59,6.55,0
51223295,HÔPITAL ROYAL VICTORIA,Montréal,181,2026-09-03T21:00,2026-09-11T09:00,181,29.63,29.63,34.07,0,181,9.61,9.61,11.08,0
51235919,HÔPITAL SANTA CABRINI,Montréal,181,2026-09-03T21:00,2026-09-11T09:00,180,19.85,19.85,25.28,0,180,4.91,4.91,6.27,0
51248201,INSTITUT DE CARDIOLOGIE DE MONTRÉAL,Montréal,181,2026-09-03T21:00,2026-09-11T09:00,181,14.37,14.37,20.67,0,181,2.79,2.79,3.9,0
51235307,INSTITUT UNIVERSITAIRE EN SANTÉ MENTALE DE MONTRÉAL,Montréal,181,2026-09-03T21:00,2026-09-11T09:00,181,25.36,25.36,36.7,0,181,2.29,2.29,3.18,0
51223279,L'HÔPITAL DE MONTRÉAL POUR ENFANTS,Montréal,181,2026-09-03T21:00,2026-09-11T09:00,181,9.52,9.52,12.02,0,181,5.91,5.91,8.93,0
51229151,HÔPITAL ANNA-LABERGE,Montérégie,182,2026-09-03T21:00,T00:00,181,24.34,24.34,28.72,0,180,7.53,7.53,9.65,0
51228005,HÔPITAL BARRIE MEMORIAL / BARRIE MEMORIAL HOSPITAL,Montérégie,181,2026-09-03T21:00,2026-09-11T09:00,181,16.2,16.2,21.27,0,181,3.85,3.85,4.63,0
51233799,HÔPITAL CHARLES-LE MOYNE,Montérégie,182,2026-09-03T21:00,T00:00,182,21.26,21.26,26.72,0,181,7.37,7.37,9.92,0
51229045,HÔPITAL DU HAUT-RICHELIEU,Montérégie,181,2026-09-03T21:00,2026-09-11T09:00,181,18.9,18.9,23.6,0,181,6.06,6.06,7.63,0
51229136,HÔPITAL DU SUROÎT,Montérégie,181,2026-09-03T21:00,2026-09-11T09:00,181,25.69,25.69,34.38,0,181,4.65,4.65,5.52,0
51229193,HÔPITAL HONORÉ-MERCIER,Montérégie,181,2026-09-03T21:00,2026-09-11T09:00,181,14.12,14.12,15.28,0,181,5.93,5.93,6.97,0
51229011,HÔPITAL PIERRE-BOUCHER,Montérégie,181,2026-09-03T21:00,2026-09-11T09:00,181,23.14,23.14,25.88,0,181,7.61,7.61,9.73,0
51229102,HÔTEL-DIEU DE SOREL,Montérégie,181,2026-09-03T21:00,2026-09-11T09:00,181,23.58,23.58,27.22,0,181,5.26,5.26,7.47,0
51218501,CENTRE DE SANTÉ DE CHIBOUGAMAU,Nord-du-Québec,181,2026-09-03T21:00,2026-09-11T09:00,181,13.86,13.86,18.12,0,181,3.35,3.35,5.08,0
51218543,CENTRE DE SANTÉ DE RADISSON,Nord-du-Québec,181,2026-09-03T21:00,2026-09-11T09:00,181,0,,0,181,181,3.11,3.83,12.77,34
51218535,CENTRE DE SANTÉ ISLE-DIEU,Nord-du-Québec,181,2026-09-03T21:00,2026-09-11T09:00,181,1.81,12.12,12.83,154,181,1.84,1.84,4.57,0
51218527,CENTRE DE SANTÉ LEBEL,Nord-du-Québec,181,2026-09-03T21:00,2026-09-11T09:00,181,10.53,14.66,41.07,51,181,3.32,3.32,6.87,0
51218519,CENTRE DE SANTÉ RENÉ-RICARD,Nord-du-Québec,181,2026-09-03T21:00,2026-09-11T09:00,181,6.41,16.12,17.28,109,181,0.82,0.82,1.38,0
51245058,CENTRE MULTISERVICES DE SANTÉ ET DE SERVICES SOCIAUX DE MANSFIELD-ET-PONTEFRACT,Outaouais,181,2026-09-03T21:00,2026-09-11T09:00,181,4.72,16.75,28.82,130,181,4.06,4.06,6.02,0
51219491,CLSC ET CENTRE D'HÉBERGEMENT DE LA PETITE-NATION,Outaouais,181,2026-09-03T21:00,2026-09-11T09:00,181,3.99,4.6,9.23,24,181,2.97,3.42,7.18,24
51221703,HÔPITAL DE GATINEAU,Outaouais,181,2026-09-03T21:00,2026-09-11T09:00,180,23.21,23.21,30.35,0,180,9.46,9.46,11.15,0
51221711,HÔPITAL DE HULL,Outaouais,181,2026-09-03T21:00,2026-09-11T09:00,180,20.59,20.59,24.53,0,180,6.72,6.72,9.22,0
51221893,HÔPITAL DE MANIWAKI,Outaouais,181,2026-09-03T21:00,2026-09-11T09:00,181,15.78,15.78,37.65,0,181,3.15,3.15,5.22,0
51228823,HÔPITAL ET CHSLD DE PAPINEAU,Outaouais,181,2026-09-03T21:00,2026-09-11T09:00,181,16.76,16.76,20.53,0,181,5.36,5.36,6.02,0
51219459,HÔPITAL ET CHSLD DU PONTIAC,Outaouais,181,2026-09-03T21:00,2026-09-11T09:00,181,7.31,8.42,36.17,24,181,4.16,4.16,5.32,0
51228799,HÔPITAL ET CHSLD MÉMORIAL DE WAKEFIELD / WAKEFIELD MEMORIAL HOSPITAL,Outaouais,181,2026-09-03T21:00,2026-09-11T09:00,181,13.85,15.97,27.45,24,181,5.55,5.55,6.48,0
51219400,HÔPITAL D'ALMA,Saguenay-Lac-Saint-Jean,181,2026-09-03T21:00,2026-09-11T09:00,181,8.15,8.15,14.07,0,181,3.56,3.56,5.6,0
51218394,HÔPITAL DE CHICOUTIMI,Saguenay-Lac-Saint-Jean,181,2026-09-03T21:00,2026-09-11T09:00,181,11.17,11.17,13.18,0,181,5.85,5.85,7.3,0
51219384,HÔPITAL DE DOLBEAU-MISTASSINI,Saguenay-Lac-Saint-Jean,181,2026-09-03T21:00,2026-09-11T09:00,181,17.78,17.78,36.95,0,181,3.09,3.09,3.6,0
51221364,HÔPITAL DE LA BAIE,Saguenay-Lac-Saint-Jean,181,2026-09-03T21:00,2026-09-11T09:00,181,8.59,8.59,11.67,0,181,5.25,5.25,6.93,0
51228203,HÔPITAL ET CENTRE D'HÉBERGEMENT DE ROBERVAL,Saguenay-Lac-Saint-Jean,181,2026-09-03T21:00,2026-09-11T09:00,181,9.98,9.98,15.82,0,181,3.65,3.65,5.1,0
51224541,HÔPITAL ET CENTRE DE RÉADAPTATION DE JONQUIÈRE,Saguenay-Lac-Saint-Jean,181,2026-09-03T21:00,2026-09-11T09:00,181,10.82,10.82,14.77,0,181,5.22,5.22,6.13,0
