facility_id,facility_name,region_name,rank,alt_facility_id,alt_facility_name,alt_region_name,distance_km,crosses_region,alt_coverage_pct,alt_hours_with_occupancy_pct
51218352,CENTRE HOSPITALIER RÉGIONAL DU GRAND-PORTAGE,Bas-Saint-Laurent,1,51219418,CLSC DE POHÉNÉGAMOOK,Bas-Saint-Laurent,41.4,no,100.0,232
51218352,CENTRE HOSPITALIER RÉGIONAL DU GRAND-PORTAGE,Bas-Saint-Laurent,2,51236156,CENTRE MULTISERVICES DE SANTÉ ET DE SERVICES SOCIAUX DE TROIS-PISTOLES,Bas-Saint-Laurent,45.0,no,99.6,231
51218352,CENTRE HOSPITALIER RÉGIONAL DU GRAND-PORTAGE,Bas-Saint-Laurent,3,51228690,HÔPITAL ET CLSC DE LA MALBAIE,Capitale-Nationale,49.2,yes,100.0,232
51218352,CENTRE HOSPITALIER RÉGIONAL DU GRAND-PORTAGE,Bas-Saint-Laurent,4,51221877,HÔPITAL DE NOTRE-DAME-DU-LAC,Bas-Saint-Laurent,60.0,no,100.0,232
51218352,CENTRE HOSPITALIER RÉGIONAL DU GRAND-PORTAGE,Bas-Saint-Laurent,5,51218733,CENTRE MULTISERVICES DE SANTÉ ET DE SERVICES SOCIAUX DES ESCOUMINS,Côte-Nord,60.1,yes,100.0,232
51218980,HÔPITAL DE MATANE,Bas-Saint-Laurent,1,51226892,HÔPITAL D'AMQUI,Bas-Saint-Laurent,42.4,no,100.0,232
51218980,HÔPITAL DE MATANE,Bas-Saint-Laurent,2,51228765,CLSC ET HÔPITAL LE ROYER,Côte-Nord,65.6,yes,100.0,232
51218980,HÔPITAL DE MATANE,Bas-Saint-Laurent,3,51247799,HÔPITAL ET CLSC DE SAINTE-ANNE-DES-MONTS,Gaspésie-Îles-de-la-Madeleine,81.9,yes,100.0,232
51218980,HÔPITAL DE MATANE,Bas-Saint-Laurent,4,51227882,HÔPITAL RÉGIONAL DE RIMOUSKI,Bas-Saint-Laurent,86.1,no,100.0,232
51218980,HÔPITAL DE MATANE,Bas-Saint-Laurent,5,51218741,CENTRE MULTISERVICES DE SANTÉ ET DE SERVICES SOCIAUX DE FORESTVILLE,Côte-Nord,114.1,yes,100.0,232
51219418,CLSC DE POHÉNÉGAMOOK,Bas-Saint-Laurent,1,51221877,HÔPITAL DE NOTRE-DAME-DU-LAC,Bas-Saint-Laurent,38.7,no,100.0,232
51219418,CLSC DE POHÉNÉGAMOOK,Bas-Saint-Laurent,2,51218352,CENTRE HOSPITALIER RÉGIONAL DU GRAND-PORTAGE,Bas-Saint-Laurent,41.4,no,100.0,232
51219418,CLSC DE POHÉNÉGAMOOK,Bas-Saint-Laurent,3,51221141,HÔPITAL NOTRE-DAME-DE-FATIMA,Bas-Saint-Laurent,57.5,no,100.0,232
51219418,CLSC DE POHÉNÉGAMOOK,Bas-Saint-Laurent,4,51228690,HÔPITAL ET CLSC DE LA MALBAIE,Capitale-Nationale,67.9,yes,100.0,232
51219418,CLSC DE POHÉNÉGAMOOK,Bas-Saint-Laurent,5,51236156,CENTRE MULTISERVICES DE SANTÉ ET DE SERVICES SOCIAUX DE TROIS-PISTOLES,Bas-Saint-Laurent,72.1,no,99.6,231
51221141,HÔPITAL NOTRE-DAME-DE-FATIMA,Bas-Saint-Laurent,1,51228690,HÔPITAL ET CLSC DE LA MALBAIE,Capitale-Nationale,33.0,yes,100.0,232
51221141,HÔPITAL NOTRE-DAME-DE-FATIMA,Bas-Saint-Laurent,2,51244804,CENTRE MULTISERVICES DE SANTÉ ET DE SERVICES SOCIAUX DE BAIE-SAINT-PAUL,Capitale-Nationale,37.3,yes,100.0,232
51221141,HÔPITAL NOTRE-DAME-DE-FATIMA,Bas-Saint-Laurent,3,51219418,CLSC DE POHÉNÉGAMOOK,Bas-Saint-Laurent,57.5,no,100.0,232
51221141,HÔPITAL NOTRE-DAME-DE-FATIMA,Bas-Saint-Laurent,4,51245223,HÔPITAL DE MONTMAGNY,Chaudière-Appalaches,61.6,yes,100.0,232
51221141,HÔPITAL NOTRE-DAME-DE-FATIMA,Bas-Saint-Laurent,5,51218352,CENTRE HOSPITALIER RÉGIONAL DU GRAND-PORTAGE,Bas-Saint-Laurent,61.6,no,100.0,232
51221877,HÔPITAL DE NOTRE-DAME-DU-LAC,Bas-Saint-Laurent,1,51219418,CLSC DE POHÉNÉGAMOOK,Bas-Saint-Laurent,38.7,no,100.0,232
51221877,HÔPITAL DE NOTRE-DAME-DU-LAC,Bas-Saint-Laurent,2,51218352,CENTRE HOSPITALIER RÉGIONAL DU GRAND-PORTAGE,Bas-Saint-Laurent,60.0,no,100.0,232
51221877,HÔPITAL DE NOTRE-DAME-DU-LAC,Bas-Saint-Laurent,3,51236156,CENTRE MULTISERVICES DE SANTÉ ET DE SERVICES SOCIAUX DE TROIS-PISTOLES,Bas-Saint-Laurent,63.8,no,99.6,231
51221877,HÔPITAL DE NOTRE-DAME-DU-LAC,Bas-Saint-Laurent,4,51218733,CENTRE MULTISERVICES DE SANTÉ ET DE SERVICES SOCIAUX DES ESCOUMINS,Côte-Nord,93.9,yes,100.0,232
51221877,HÔPITAL DE NOTRE-DAME-DU-LAC,Bas-Saint-Laurent,5,51227882,HÔPITAL RÉGIONAL DE RIMOUSKI,Bas-Saint-Laurent,94.9,no,100.0,232
51226892,HÔPITAL D'AMQUI,Bas-Saint-Laurent,1,51218980,HÔPITAL DE MATANE,Bas-Saint-Laurent,42.4,no,100.0,232
51226892,HÔPITAL D'AMQUI,Bas-Saint-Laurent,2,51227882,HÔPITAL RÉGIONAL DE RIMOUSKI,Bas-Saint-Laurent,82.0,no,100.0,232
51226892,HÔPITAL D'AMQUI,Bas-Saint-Laurent,3,51247799,HÔPITAL ET CLSC DE SAINTE-ANNE-DES-MONTS,Gaspésie-Îles-de-la-Madeleine,99.7,yes,100.0,232
51226892,HÔPITAL D'AMQUI,Bas-Saint-Laurent,4,51228765,CLSC ET HÔPITAL LE ROYER,Côte-Nord,100.8,yes,100.0,232
51226892,HÔPITAL D'AMQUI,Bas-Saint-Laurent,5,51227908,HÔPITAL ET GROUPE DE MÉDECINE DE FAMILLE UNIVERSITAIRE DE MARIA,Gaspésie-Îles-de-la-Madeleine,110.6,yes,100.0,232
51227882,HÔPITAL RÉGIONAL DE RIMOUSKI,Bas-Saint-Laurent,1,51218741,CENTRE MULTISERVICES DE SANTÉ ET DE SERVICES SOCIAUX DE FORESTVILLE,Côte-Nord,51.4,yes,100.0,232
51227882,HÔPITAL RÉGIONAL DE RIMOUSKI,Bas-Saint-Laurent,2,51236156,CENTRE MULTISERVICES DE SANTÉ ET DE SERVICES SOCIAUX DE TROIS-PISTOLES,Bas-Saint-Laurent,58.2,no,99.6,231
51227882,HÔPITAL RÉGIONAL DE RIMOUSKI,Bas-Saint-Laurent,3,51218733,CENTRE MULTISERVICES DE SANTÉ ET DE SERVICES SOCIAUX DES ESCOUMINS,Côte-Nord,65.6,yes,100.0,232
51227882,HÔPITAL RÉGIONAL DE RIMOUSKI,Bas-Saint-Laurent,4,51226892,HÔPITAL D'AMQUI,Bas-Saint-Laurent,82.0,no,100.0,232
51227882,HÔPITAL RÉGIONAL DE RIMOUSKI,Bas-Saint-Laurent,5,51228765,CLSC ET HÔPITAL LE ROYER,Côte-Nord,85.1,yes,100.0,232
51236156,CENTRE MULTISERVICES DE SANTÉ ET DE SERVICES SOCIAUX DE TROIS-PISTOLES,Bas-Saint-Laurent,1,51218733,CENTRE MULTISERVICES DE SANTÉ ET DE SERVICES SOCIAUX DES ESCOUMINS,Côte-Nord,30.5,yes,100.0,232
51236156,CENTRE MULTISERVICES DE SANTÉ ET DE SERVICES SOCIAUX DE TROIS-PISTOLES,Bas-Saint-Laurent,2,51218352,CENTRE HOSPITALIER RÉGIONAL DU GRAND-PORTAGE,Bas-Saint-Laurent,45.0,no,100.0,232
51236156,CENTRE MULTISERVICES DE SANTÉ ET DE SERVICES SOCIAUX DE TROIS-PISTOLES,Bas-Saint-Laurent,3,51227882,HÔPITAL RÉGIONAL DE RIMOUSKI,Bas-Saint-Laurent,58.2,no,100.0,232
51236156,CENTRE MULTISERVICES DE SANTÉ ET DE SERVICES SOCIAUX DE TROIS-PISTOLES,Bas-Saint-Laurent,4,51221877,HÔPITAL DE NOTRE-DAME-DU-LAC,Bas-Saint-Laurent,63.8,no,100.0,232
51236156,CENTRE MULTISERVICES DE SANTÉ ET DE SERVICES SOCIAUX DE TROIS-PISTOLES,Bas-Saint-Laurent,5,51218741,CENTRE MULTISERVICES DE SANTÉ ET DE SERVICES SOCIAUX DE FORESTVILLE,Côte-Nord,67.5,yes,100.0,232
51218394,HÔPITAL DE CHICOUTIMI,Saguenay-Lac-Saint-Jean,1,51224541,HÔPITAL ET CENTRE DE RÉADAPTATION DE JONQUIÈRE,Saguenay-Lac-Saint-Jean,13.8,no,100.0,232
51218394,HÔPITAL DE CHICOUTIMI,Saguenay-Lac-Saint-Jean,2,51221364,HÔPITAL DE LA BAIE,Saguenay-Lac-Saint-Jean,15.2,no,100.0,232
51218394,HÔPITAL DE CHICOUTIMI,Saguenay-Lac-Saint-Jean,3,51219400,HÔPITAL D'ALMA,Saguenay-Lac-Saint-Jean,47.5,no,100.0,232
51218394,HÔPITAL DE CHICOUTIMI,Saguenay-Lac-Saint-Jean,4,51228203,HÔPITAL ET CENTRE D'HÉBERGEMENT DE ROBERVAL,Saguenay-Lac-Saint-Jean,86.8,no,100.0,232
51218394,HÔPITAL DE CHICOUTIMI,Saguenay-Lac-Saint-Jean,5,51219384,HÔPITAL DE DOLBEAU-MISTASSINI,Saguenay-Lac-Saint-Jean,101.3,no,100.0,232
51219384,HÔPITAL DE DOLBEAU-MISTASSINI,Saguenay-Lac-Saint-Jean,1,51228203,HÔPITAL ET CENTRE D'HÉBERGEMENT DE ROBERVAL,Saguenay-Lac-Saint-Jean,42.1,no,100.0,232
51219384,HÔPITAL DE DOLBEAU-MISTASSINI,Saguenay-Lac-Saint-Jean,2,51219400,HÔPITAL D'ALMA,Saguenay-Lac-Saint-Jean,56.3,no,100.0,232
51219384,HÔPITAL DE DOLBEAU-MISTASSINI,Saguenay-Lac-Saint-Jean,3,51224541,HÔPITAL ET CENTRE DE RÉADAPTATION DE JONQUIÈRE,Saguenay-Lac-Saint-Jean,90.6,no,100.0,232
51219384,HÔPITAL DE DOLBEAU-MISTASSINI,Saguenay-Lac-Saint-Jean,4,51218394,HÔPITAL DE CHICOUTIMI,Saguenay-Lac-Saint-Jean,101.3,no,99.6,231
51219384,HÔPITAL DE DOLBEAU-MISTASSINI,Saguenay-Lac-Saint-Jean,5,51221364,HÔPITAL DE LA BAIE,Saguenay-Lac-Saint-Jean,116.5,no,100.0,232
51219400,HÔPITAL D'ALMA,Saguenay-Lac-Saint-Jean,1,51224541,HÔPITAL ET CENTRE DE RÉADAPTATION DE JONQUIÈRE,Saguenay-Lac-Saint-Jean,35.2,no,100.0,232
51219400,HÔPITAL D'ALMA,Saguenay-Lac-Saint-Jean,2,51228203,HÔPITAL ET CENTRE D'HÉBERGEMENT DE ROBERVAL,Saguenay-Lac-Saint-Jean,41.1,no,100.0,232
51219400,HÔPITAL D'ALMA,Saguenay-Lac-Saint-Jean,3,51218394,HÔPITAL DE CHICOUTIMI,Saguenay-Lac-Saint-Jean,47.5,no,99.6,231
51219400,HÔPITAL D'ALMA,Saguenay-Lac-Saint-Jean,4,51219384,HÔPITAL DE DOLBEAU-MISTASSINI,Saguenay-Lac-Saint-Jean,56.3,no,100.0,232
51219400,HÔPITAL D'ALMA,Saguenay-Lac-Saint-Jean,5,51221364,HÔPITAL DE LA BAIE,Saguenay-Lac-Saint-Jean,62.1,no,100.0,232
51221364,HÔPITAL DE LA BAIE,Saguenay-Lac-Saint-Jean,1,51218394,HÔPITAL DE CHICOUTIMI,Saguenay-Lac-Saint-Jean,15.2,no,99.6,231
51221364,HÔPITAL DE LA BAIE,Saguenay-Lac-Saint-Jean,2,51224541,HÔPITAL ET CENTRE DE RÉADAPTATION DE JONQUIÈRE,Saguenay-Lac-Saint-Jean,27.1,no,100.0,232
51221364,HÔPITAL DE LA BAIE,Saguenay-Lac-Saint-Jean,3,51219400,HÔPITAL D'ALMA,Saguenay-Lac-Saint-Jean,62.1,no,100.0,232
51221364,HÔPITAL DE LA BAIE,Saguenay-Lac-Saint-Jean,4,51228690,HÔPITAL ET CLSC DE LA MALBAIE,Capitale-Nationale,93.9,yes,100.0,232
51221364,HÔPITAL DE LA BAIE,Saguenay-Lac-Saint-Jean,5,51228203,HÔPITAL ET CENTRE D'HÉBERGEMENT DE ROBERVAL,Saguenay-Lac-Saint-Jean,100.2,no,100.0,232
51224541,HÔPITAL ET CENTRE DE RÉADAPTATION DE JONQUIÈRE,Saguenay-Lac-Saint-Jean,1,51218394,HÔPITAL DE CHICOUTIMI,Saguenay-Lac-Saint-Jean,13.8,no,99.6,231
51224541,HÔPITAL ET CENTRE DE RÉADAPTATION DE JONQUIÈRE,Saguenay-Lac-Saint-Jean,2,51221364,HÔPITAL DE LA BAIE,Saguenay-Lac-Saint-Jean,27.1,no,100.0,232
51224541,HÔPITAL ET CENTRE DE RÉADAPTATION DE JONQUIÈRE,Saguenay-Lac-Saint-Jean,3,51219400,HÔPITAL D'ALMA,Saguenay-Lac-Saint-Jean,35.2,no,100.0,232
51224541,HÔPITAL ET CENTRE DE RÉADAPTATION DE JONQUIÈRE,Saguenay-Lac-Saint-Jean,4,51228203,HÔPITAL ET CENTRE D'HÉBERGEMENT DE ROBERVAL,Saguenay-Lac-Saint-Jean,73.3,no,100.0,232
51224541,HÔPITAL ET CENTRE DE RÉADAPTATION DE JONQUIÈRE,Saguenay-Lac-Saint-Jean,5,51219384,HÔPITAL DE DOLBEAU-MISTASSINI,Saguenay-Lac-Saint-Jean,90.6,no,100.0,232
51228203,HÔPITAL ET CENTRE D'HÉBERGEMENT DE ROBERVAL,Saguenay-Lac-Saint-Jean,1,51219400,HÔPITAL D'ALMA,Saguenay-Lac-Saint-Jean,41.1,no,100.0,232
51228203,HÔPITAL ET CENTRE D'HÉBERGEMENT DE ROBERVAL,Saguenay-Lac-Saint-Jean,2,51219384,HÔPITAL DE DOLBEAU-MISTASSINI,Saguenay-Lac-Saint-Jean,42.1,no,100.0,232
51228203,HÔPITAL ET CENTRE D'HÉBERGEMENT DE ROBERVAL,Saguenay-Lac-Saint-Jean,3,51224541,HÔPITAL ET CENTRE DE RÉADAPTATION DE JONQUIÈRE,Saguenay-Lac-Saint-Jean,73.3,no,100.0,232
51228203,HÔPITAL ET CENTRE D'HÉBERGEMENT DE ROBERVAL,Saguenay-Lac-Saint-Jean,4,51218394,HÔPITAL DE CHICOUTIMI,Saguenay-Lac-Saint-Jean,86.8,no,99.6,231
51228203,HÔPITAL ET CENTRE D'HÉBERGEMENT DE ROBERVAL,Saguenay-Lac-Saint-Jean,5,51221364,HÔPITAL DE LA BAIE,Saguenay-Lac-Saint-Jean,100.2,no,100.0,232
51217529,HÔPITAL DU SAINT-SACREMENT,Capitale-Nationale,1,51217586,L'HÔTEL-DIEU DE QUÉBEC,Capitale-Nationale,3.2,no,100.0,232
51217529,HÔPITAL DU SAINT-SACREMENT,Capitale-Nationale,2,51217602,HÔPITAL SAINT-FRANÇOIS D'ASSISE,Capitale-Nationale,3.2,no,100.0,232
51217529,HÔPITAL DU SAINT-SACREMENT,Capitale-Nationale,3,51217594,CENTRE HOSPITALIER DE L'UNIVERSITÉ LAVAL,Capitale-Nationale,4.4,no,100.0,232
51217529,HÔPITAL DU SAINT-SACREMENT,Capitale-Nationale,4,51233914,HÔPITAL DE L'ENFANT-JÉSUS,Capitale-Nationale,4.5,no,100.0,232
51217529,HÔPITAL DU SAINT-SACREMENT,Capitale-Nationale,5,51232130,INSTITUT UNIVERSITAIRE DE CARDIOLOGIE ET DE PNEUMOLOGIE DE QUÉBEC,Capitale-Nationale,4.5,no,100.0,232
51217586,L'HÔTEL-DIEU DE QUÉBEC,Capitale-Nationale,1,51217602,HÔPITAL SAINT-FRANÇOIS D'ASSISE,Capitale-Nationale,2.4,no,100.0,232
51217586,L'HÔTEL-DIEU DE QUÉBEC,Capitale-Nationale,2,51227569,HÔTEL-DIEU DE LÉVIS,Chaudière-Appalaches,2.6,yes,100.0,232
51217586,L'HÔTEL-DIEU DE QUÉBEC,Capitale-Nationale,3,51233914,HÔPITAL DE L'ENFANT-JÉSUS,Capitale-Nationale,2.7,no,100.0,232
51217586,L'HÔTEL-DIEU DE QUÉBEC,Capitale-Nationale,4,51217529,HÔPITAL DU SAINT-SACREMENT,Capitale-Nationale,3.2,no,100.0,232
51217586,L'HÔTEL-DIEU DE QUÉBEC,Capitale-Nationale,5,51217594,CENTRE HOSPITALIER DE L'UNIVERSITÉ LAVAL,Capitale-Nationale,7.6,no,100.0,232
51217594,CENTRE HOSPITALIER DE L'UNIVERSITÉ LAVAL,Capitale-Nationale,1,51232130,INSTITUT UNIVERSITAIRE DE CARDIOLOGIE ET DE PNEUMOLOGIE DE QUÉBEC,Capitale-Nationale,1.7,no,100.0,232
51217594,CENTRE HOSPITALIER DE L'UNIVERSITÉ LAVAL,Capitale-Nationale,2,51217529,HÔPITAL DU SAINT-SACREMENT,Capitale-Nationale,4.4,no,100.0,232
51217594,CENTRE HOSPITALIER DE L'UNIVERSITÉ LAVAL,Capitale-Nationale,3,51245199,CHSLD ET HÔPITAL PAUL-GILBERT,Chaudière-Appalaches,5.0,yes,0.0,0
51217594,CENTRE HOSPITALIER DE L'UNIVERSITÉ LAVAL,Capitale-Nationale,4,51217602,HÔPITAL SAINT-FRANÇOIS D'ASSISE,Capitale-Nationale,7.5,no,100.0,232
51217594,CENTRE HOSPITALIER DE L'UNIVERSITÉ LAVAL,Capitale-Nationale,5,51217586,L'HÔTEL-DIEU DE QUÉBEC,Capitale-Nationale,7.6,no,100.0,232
51217602,HÔPITAL SAINT-FRANÇOIS D'ASSISE,Capitale-Nationale,1,51233914,HÔPITAL DE L'ENFANT-JÉSUS,Capitale-Nationale,1.3,no,100.0,232
51217602,HÔPITAL SAINT-FRANÇOIS D'ASSISE,Capitale-Nationale,2,51217586,L'HÔTEL-DIEU DE QUÉBEC,Capitale-Nationale,2.4,no,100.0,232
51217602,HÔPITAL SAINT-FRANÇOIS D'ASSISE,Capitale-Nationale,3,51217529,HÔPITAL DU SAINT-SACREMENT,Capitale-Nationale,3.2,no,100.0,232
51217602,HÔPITAL SAINT-FRANÇOIS D'ASSISE,Capitale-Nationale,4,51227569,HÔTEL-DIEU DE LÉVIS,Chaudière-Appalaches,4.7,yes,100.0,232
51217602,HÔPITAL SAINT-FRANÇOIS D'ASSISE,Capitale-Nationale,5,51232130,INSTITUT UNIVERSITAIRE DE CARDIOLOGIE ET DE PNEUMOLOGIE DE QUÉBEC,Capitale-Nationale,7.1,no,100.0,232
51225001,CENTRE MULTISERVICES DE SANTÉ ET DE SERVICES SOCIAUX CHAUVEAU,Capitale-Nationale,1,51232130,INSTITUT UNIVERSITAIRE DE CARDIOLOGIE ET DE PNEUMOLOGIE DE QUÉBEC,Capitale-Nationale,9.9,no,100.0,232
51225001,CENTRE MULTISERVICES DE SANTÉ ET DE SERVICES SOCIAUX CHAUVEAU,Capitale-Nationale,2,51217602,HÔPITAL SAINT-FRANÇOIS D'ASSISE,Capitale-Nationale,10.5,no,100.0,232
51225001,CENTRE MULTISERVICES DE SANTÉ ET DE SERVICES SOCIAUX CHAUVEAU,Capitale-Nationale,3,51233914,HÔPITAL DE L'ENFANT-JÉSUS,Capitale-Nationale,11.1,no,100.0,232
51225001,CENTRE MULTISERVICES DE SANTÉ ET DE SERVICES SOCIAUX CHAUVEAU,Capitale-Nationale,4,51217529,HÔPITAL DU SAINT-SACREMENT,Capitale-Nationale,11.1,no,100.0,232
51225001,CENTRE MULTISERVICES DE SANTÉ ET DE SERVICES SOCIAUX CHAUVEAU,Capitale-Nationale,5,51217594,CENTRE HOSPITALIER DE L'UNIVERSITÉ LAVAL,Capitale-Nationale,11.6,no,100.0,232
51225357,CENTRE MULTISERVICES DE SANTÉ ET DE SERVICES SOCIAUX DE SAINTE-ANNE-DE-BEAUPRÉ,Capitale-Nationale,1,51245223,HÔPITAL DE MONTMAGNY,Chaudière-Appalaches,24.2,yes,100.0,232
51225357,CENTRE MULTISERVICES DE SANTÉ ET DE SERVICES SOCIAUX DE SAINTE-ANNE-DE-BEAUPRÉ,Capitale-Nationale,2,51227569,HÔTEL-DIEU DE LÉVIS,Chaudière-Appalaches,32.9,yes,100.0,232
51225357,CENTRE MULTISERVICES DE SANTÉ ET DE SERVICES SOCIAUX DE SAINTE-ANNE-DE-BEAUPRÉ,Capitale-Nationale,3,51233914,HÔPITAL DE L'ENFANT-JÉSUS,Capitale-Nationale,33.6,no,100.0,232
51225357,CENTRE MULTISERVICES DE SANTÉ ET DE SERVICES SOCIAUX DE SAINTE-ANNE-DE-BEAUPRÉ,Capitale-Nationale,4,51217586,L'HÔTEL-DIEU DE QUÉBEC,Capitale-Nationale,34.6,no,100.0,232
51225357,CENTRE MULTISERVICES DE SANTÉ ET DE SERVICES SOCIAUX DE SAINTE-ANNE-DE-BEAUPRÉ,Capitale-Nationale,5,51217602,HÔPITAL SAINT-FRANÇOIS D'ASSISE,Capitale-Nationale,35.0,no,100.0,232
51228690,HÔPITAL ET CLSC DE LA MALBAIE,Capitale-Nationale,1,51221141,HÔPITAL NOTRE-DAME-DE-FATIMA,Bas-Saint-Laurent,33.0,yes,100.0,232
51228690,HÔPITAL ET CLSC DE LA MALBAIE,Capitale-Nationale,2,51244804,CENTRE MULTISERVICES DE SANTÉ ET DE SERVICES SOCIAUX DE BAIE-SAINT-PAUL,Capitale-Nationale,36.2,no,100.0,232
51228690,HÔPITAL ET CLSC DE LA MALBAIE,Capitale-Nationale,3,51218352,CENTRE HOSPITALIER RÉGIONAL DU GRAND-PORTAGE,Bas-Saint-Laurent,49.2,yes,100.0,232
51228690,HÔPITAL ET CLSC DE LA MALBAIE,Capitale-Nationale,4,51219418,CLSC DE POHÉNÉGAMOOK,Bas-Saint-Laurent,67.9,yes,100.0,232
51228690,HÔPITAL ET CLSC DE LA MALBAIE,Capitale-Nationale,5,51245223,HÔPITAL DE MONTMAGNY,Chaudière-Appalaches,82.7,yes,100.0,232
51232130,INSTITUT UNIVERSITAIRE DE CARDIOLOGIE ET DE PNEUMOLOGIE DE QUÉBEC,Capitale-Nationale,1,51217594,CENTRE HOSPITALIER DE L'UNIVERSITÉ LAVAL,Capitale-Nationale,1.7,no,100.0,232
51232130,INSTITUT UNIVERSITAIRE DE CARDIOLOGIE ET DE PNEUMOLOGIE DE QUÉBEC,Capitale-Nationale,2,51217529,HÔPITAL DU SAINT-SACREMENT,Capitale-Nationale,4.5,no,100.0,232
51232130,INSTITUT UNIVERSITAIRE DE CARDIOLOGIE ET DE PNEUMOLOGIE DE QUÉBEC,Capitale-Nationale,3,51245199,CHSLD ET HÔPITAL PAUL-GILBERT,Chaudière-Appalaches,6.6,yes,0.0,0
51232130,INSTITUT UNIVERSITAIRE DE CARDIOLOGIE ET DE PNEUMOLOGIE DE QUÉBEC,Capitale-Nationale,4,51217602,HÔPITAL SAINT-FRANÇOIS D'ASSISE,Capitale-Nationale,7.1,no,100.0,232
51232130,INSTITUT UNIVERSITAIRE DE CARDIOLOGIE ET DE PNEUMOLOGIE DE QUÉBEC,Capitale-Nationale,5,51217586,L'HÔTEL-DIEU DE QUÉBEC,Capitale-Nationale,7.7,no,100.0,232
51233914,HÔPITAL DE L'ENFANT-JÉSUS,Capitale-Nationale,1,51217602,HÔPITAL SAINT-FRANÇOIS D'ASSISE,Capitale-Nationale,1.3,no,100.0,232
51233914,HÔPITAL DE L'ENFANT-JÉSUS,Capitale-Nationale,2,51217586,L'HÔTEL-DIEU DE QUÉBEC,Capitale-Nationale,2.7,no,100.0,232
51233914,HÔPITAL DE L'ENFANT-JÉSUS,Capitale-Nationale,3,51227569,HÔTEL-DIEU DE LÉVIS,Chaudière-Appalaches,4.4,yes,100.0,232
51233914,HÔPITAL DE L'ENFANT-JÉSUS,Capitale-Nationale,4,51217529,HÔPITAL DU SAINT-SACREMENT,Capitale-Nationale,4.5,no,100.0,232
51233914,HÔPITAL DE L'ENFANT-JÉSUS,Capitale-Nationale,5,51232130,INSTITUT UNIVERSITAIRE DE CARDIOLOGIE ET DE PNEUMOLOGIE DE QUÉBEC,Capitale-Nationale,8.5,no,100.0,232
51244804,CENTRE MULTISERVICES DE SANTÉ ET DE SERVICES SOCIAUX DE BAIE-SAINT-PAUL,Capitale-Nationale,1,51228690,HÔPITAL ET CLSC DE LA MALBAIE,Capitale-Nationale,36.2,no,100.0,232
51244804,CENTRE MULTISERVICES DE SANTÉ ET DE SERVICES SOCIAUX DE BAIE-SAINT-PAUL,Capitale-Nationale,2,51221141,HÔPITAL NOTRE-DAME-DE-FATIMA,Bas-Saint-Laurent,37.3,yes,100.0,232
51244804,CENTRE MULTISERVICES DE SANTÉ ET DE SERVICES SOCIAUX DE BAIE-SAINT-PAUL,Capitale-Nationale,3,51245223,HÔPITAL DE MONTMAGNY,Chaudière-Appalaches,51.9,yes,100.0,232
51244804,CENTRE MULTISERVICES DE SANTÉ ET DE SERVICES SOCIAUX DE BAIE-SAINT-PAUL,Capitale-Nationale,4,51225357,CENTRE MULTISERVICES DE SANTÉ ET DE SERVICES SOCIAUX DE SAINTE-ANNE-DE-BEAUPRÉ,Capitale-Nationale,53.0,no,100.0,232
51244804,CENTRE MULTISERVICES DE SANTÉ ET DE SERVICES SOCIAUX DE BAIE-SAINT-PAUL,Capitale-Nationale,5,51218352,CENTRE HOSPITALIER RÉGIONAL DU GRAND-PORTAGE,Bas-Saint-Laurent,84.1,yes,100.0,232
51247302,CENTRE MULTISERVICES DE SANTÉ ET DE SERVICES SOCIAUX DE SAINT-RAYMOND,Capitale-Nationale,1,51247344,CENTRE MULTISERVICES DE SANTÉ ET DE SERVICES SOCIAUX DE SAINT-MARC-DES-CARRIÈRES,Capitale-Nationale,29.4,no,100.0,232
51247302,CENTRE MULTISERVICES DE SANTÉ ET DE SERVICES SOCIAUX DE SAINT-RAYMOND,Capitale-Nationale,2,51225001,CENTRE MULTISERVICES DE SANTÉ ET DE SERVICES SOCIAUX CHAUVEAU,Capitale-Nationale,34.7,no,100.0,232
51247302,CENTRE MULTISERVICES DE SANTÉ ET DE SERVICES SOCIAUX DE SAINT-RAYMOND,Capitale-Nationale,3,51232130,INSTITUT UNIVERSITAIRE DE CARDIOLOGIE ET DE PNEUMOLOGIE DE QUÉBEC,Capitale-Nationale,41.9,no,100.0,232
51247302,CENTRE MULTISERVICES DE SANTÉ ET DE SERVICES SOCIAUX DE SAINT-RAYMOND,Capitale-Nationale,4,51217594,CENTRE HOSPITALIER DE L'UNIVERSITÉ LAVAL,Capitale-Nationale,43.5,no,100.0,232
51247302,CENTRE MULTISERVICES DE SANTÉ ET DE SERVICES SOCIAUX DE SAINT-RAYMOND,Capitale-Nationale,5,51217529,HÔPITAL DU SAINT-SACREMENT,Capitale-Nationale,45.1,no,100.0,232
51247344,CENTRE MULTISERVICES DE SANTÉ ET DE SERVICES SOCIAUX DE SAINT-MARC-DES-CARRIÈRES,Capitale-Nationale,1,51219160,CENTRE MULTISERVICES DE SANTÉ ET DE SERVICES SOCIAUX DE FORTIERVILLE,Mauricie et Centre-du-Québec,21.7,yes,0.0,0
51247344,CENTRE MULTISERVICES DE SANTÉ ET DE SERVICES SOCIAUX DE SAINT-MARC-DES-CARRIÈRES,Capitale-Nationale,2,51247302,CENTRE MULTISERVICES DE SANTÉ ET DE SERVICES SOCIAUX DE SAINT-RAYMOND,Capitale-Nationale,29.4,no,100.0,232
51247344,CENTRE MULTISERVICES DE SANTÉ ET DE SERVICES SOCIAUX DE SAINT-MARC-DES-CARRIÈRES,Capitale-Nationale,3,51220168,PAVILLON SAINTE-MARIE,Mauricie et Centre-du-Québec,53.5,yes,0.0,0
51247344,CENTRE MULTISERVICES DE SANTÉ ET DE SERVICES SOCIAUX DE SAINT-MARC-DES-CARRIÈRES,Capitale-Nationale,4,51225001,CENTRE MULTISERVICES DE SANTÉ ET DE SERVICES SOCIAUX CHAUVEAU,Capitale-Nationale,55.2,no,100.0,232
51247344,CENTRE MULTISERVICES DE SANTÉ ET DE SERVICES SOCIAUX DE SAINT-MARC-DES-CARRIÈRES,Capitale-Nationale,5,51220051,HÔPITAL DU CENTRE-DE-LA-MAURICIE,Mauricie et Centre-du-Québec,55.7,yes,0.0,0
51219160,CENTRE MULTISERVICES DE SANTÉ ET DE SERVICES SOCIAUX DE FORTIERVILLE,Mauricie et Centre-du-Québec,1,51247344,CENTRE MULTISERVICES DE SANTÉ ET DE SERVICES SOCIAUX DE SAINT-MARC-DES-CARRIÈRES,Capitale-Nationale,21.7,yes,100.0,232
51219160,CENTRE MULTISERVICES DE SANTÉ ET DE SERVICES SOCIAUX DE FORTIERVILLE,Mauricie et Centre-du-Québec,2,51220168,PAVILLON SAINTE-MARIE,Mauricie et Centre-du-Québec,43.4,no,0.0,0
51219160,CENTRE MULTISERVICES DE SANTÉ ET DE SERVICES SOCIAUX DE FORTIERVILLE,Mauricie et Centre-du-Québec,3,51247302,CENTRE MULTISERVICES DE SANTÉ ET DE SERVICES SOCIAUX DE SAINT-RAYMOND,Capitale-Nationale,48.1,yes,100.0,232
51219160,CENTRE MULTISERVICES DE SANTÉ ET DE SERVICES SOCIAUX DE FORTIERVILLE,Mauricie et Centre-du-Québec,4,51228039,HÔTEL-DIEU D'ARTHABASKA,Mauricie et Centre-du-Québec,50.4,no,0.0,0
51219160,CENTRE MULTISERVICES DE SANTÉ ET DE SERVICES SOCIAUX DE FORTIERVILLE,Mauricie et Centre-du-Québec,5,51246338,CENTRE MULTISERVICES DE SANTÉ ET DE SERVICES SOCIAUX CHRIST-ROI,Mauricie et Centre-du-Québec,53.8,no,0.0,0
51219731,CENTRE MULTISERVICES DE SANTÉ ET DE SERVICES SOCIAUX DU HAUT-SAINT-MAURICE,Mauricie et Centre-du-Québec,1,51247302,CENTRE MULTISERVICES DE SANTÉ ET DE SERVICES SOCIAUX DE SAINT-RAYMOND,Capitale-Nationale,93.9,yes,100.0,232
51219731,CENTRE MULTISERVICES DE SANTÉ ET DE SERVICES SOCIAUX DU HAUT-SAINT-MAURICE,Mauricie et Centre-du-Québec,2,51247344,CENTRE MULTISERVICES DE SANTÉ ET DE SERVICES SOCIAUX DE SAINT-MARC-DES-CARRIÈRES,Capitale-Nationale,100.1,yes,100.0,232
51219731,CENTRE MULTISERVICES DE SANTÉ ET DE SERVICES SOCIAUX DU HAUT-SAINT-MAURICE,Mauricie et Centre-du-Québec,3,51220051,HÔPITAL DU CENTRE-DE-LA-MAURICIE,Mauricie et Centre-du-Québec,100.4,no,0.0,0
51219731,CENTRE MULTISERVICES DE SANTÉ ET DE SERVICES SOCIAUX DU HAUT-SAINT-MAURICE,Mauricie et Centre-du-Québec,4,51219160,CENTRE MULTISERVICES DE SANTÉ ET DE SERVICES SOCIAUX DE FORTIERVILLE,Mauricie et Centre-du-Québec,119.4,no,0.0,0
51219731,CENTRE MULTISERVICES DE SANTÉ ET DE SERVICES SOCIAUX DU HAUT-SAINT-MAURICE,Mauricie et Centre-du-Québec,5,51220168,PAVILLON SAINTE-MARIE,Mauricie et Centre-du-Québec,120.6,no,0.0,0
51220051,HÔPITAL DU CENTRE-DE-LA-MAURICIE,Mauricie et Centre-du-Québec,1,51220168,PAVILLON SAINTE-MARIE,Mauricie et Centre-du-Québec,23.5,no,0.0,0
51220051,HÔPITAL DU CENTRE-DE-LA-MAURICIE,Mauricie et Centre-du-Québec,2,51233583,CENTRE MULTISERVICES DE SANTÉ ET DE SERVICES SOCIAUX AVELLIN-DALCOURT,Mauricie et Centre-du-Québec,33.3,no,0.0,0
51220051,HÔPITAL DU CENTRE-DE-LA-MAURICIE,Mauricie et Centre-du-Québec,3,51246338,CENTRE MULTISERVICES DE SANTÉ ET DE SERVICES SOCIAUX CHRIST-ROI,Mauricie et Centre-du-Québec,33.9,no,0.0,0
51220051,HÔPITAL DU CENTRE-DE-LA-MAURICIE,Mauricie et Centre-du-Québec,4,51219160,CENTRE MULTISERVICES DE SANTÉ ET DE SERVICES SOCIAUX DE FORTIERVILLE,Mauricie et Centre-du-Québec,54.7,no,0.0,0
51220051,HÔPITAL DU CENTRE-DE-LA-MAURICIE,Mauricie et Centre-du-Québec,5,51247344,CENTRE MULTISERVICES DE SANTÉ ET DE SERVICES SOCIAUX DE SAINT-MARC-DES-CARRIÈRES,Capitale-Nationale,55.7,yes,100.0,232
51220168,PAVILLON SAINTE-MARIE,Mauricie et Centre-du-Québec,1,51246338,CENTRE MULTISERVICES DE SANTÉ ET DE SERVICES SOCIAUX CHRIST-ROI,Mauricie et Centre-du-Québec,14.5,no,0.0,0
51220168,PAVILLON SAINTE-MARIE,Mauricie et Centre-du-Québec,2,51220051,HÔPITAL DU CENTRE-DE-LA-MAURICIE,Mauricie et Centre-du-Québec,23.5,no,0.0,0
51220168,PAVILLON SAINTE-MARIE,Mauricie et Centre-du-Québec,3,51233583,CENTRE MULTISERVICES DE SANTÉ ET DE SERVICES SOCIAUX AVELLIN-DALCOURT,Mauricie et Centre-du-Québec,30.2,no,0.0,0
51220168,PAVILLON SAINTE-MARIE,Mauricie et Centre-du-Québec,4,51219160,CENTRE MULTISERVICES DE SANTÉ ET DE SERVICES SOCIAUX DE FORTIERVILLE,Mauricie et Centre-du-Québec,43.4,no,0.0,0
51220168,PAVILLON SAINTE-MARIE,Mauricie et Centre-du-Québec,5,51228781,HÔPITAL SAINTE-CROIX,Mauricie et Centre-du-Québec,53.2,no,0.0,0
51228039,HÔTEL-DIEU D'ARTHABASKA,Mauricie et Centre-du-Québec,1,51247583,CENTRE MULTISERVICES DE SANTÉ ET DE SERVICES SOCIAUX DES SOURCES,Estrie,29.9,yes,100.0,232
51228039,HÔTEL-DIEU D'ARTHABASKA,Mauricie et Centre-du-Québec,2,51228781,HÔPITAL SAINTE-CROIX,Mauricie et Centre-du-Québec,47.0,no,0.0,0
51228039,HÔTEL-DIEU D'ARTHABASKA,Mauricie et Centre-du-Québec,3,51245231,HÔPITAL DE THETFORD,Chaudière-Appalaches,49.7,yes,99.6,231
51228039,HÔTEL-DIEU D'ARTHABASKA,Mauricie et Centre-du-Québec,4,51219160,CENTRE MULTISERVICES DE SANTÉ ET DE SERVICES SOCIAUX DE FORTIERVILLE,Mauricie et Centre-du-Québec,50.4,no,0.0,0
51228039,HÔTEL-DIEU D'ARTHABASKA,Mauricie et Centre-du-Québec,5,51246338,CENTRE MULTISERVICES DE SANTÉ ET DE SERVICES SOCIAUX CHRIST-ROI,Mauricie et Centre-du-Québec,58.8,no,0.0,0
51228781,HÔPITAL SAINTE-CROIX,Mauricie et Centre-du-Québec,1,51246338,CENTRE MULTISERVICES DE SANTÉ ET DE SERVICES SOCIAUX CHRIST-ROI,Mauricie et Centre-du-Québec,40.7,no,0.0,0
51228781,HÔPITAL SAINTE-CROIX,Mauricie et Centre-du-Québec,2,51247583,CENTRE MULTISERVICES DE SANTÉ ET DE SERVICES SOCIAUX DES SOURCES,Estrie,44.4,yes,100.0,232
51228781,HÔPITAL SAINTE-CROIX,Mauricie et Centre-du-Québec,3,51229193,HÔPITAL HONORÉ-MERCIER,Montérégie,46.3,yes,99.6,231
51228781,HÔPITAL SAINTE-CROIX,Mauricie et Centre-du-Québec,4,51228039,HÔTEL-DIEU D'ARTHABASKA,Mauricie et Centre-du-Québec,47.0,no,0.0,0
51228781,HÔPITAL SAINTE-CROIX,Mauricie et Centre-du-Québec,5,51229102,HÔTEL-DIEU DE SOREL,Montérégie,51.2,yes,100.0,232
51233583,CENTRE MULTISERVICES DE SANTÉ ET DE SERVICES SOCIAUX AVELLIN-DALCOURT,Mauricie et Centre-du-Québec,1,51246338,CENTRE MULTISERVICES DE SANTÉ ET DE SERVICES SOCIAUX CHRIST-ROI,Mauricie et Centre-du-Québec,23.4,no,0.0,0
51233583,CENTRE MULTISERVICES DE SANTÉ ET DE SERVICES SOCIAUX AVELLIN-DALCOURT,Mauricie et Centre-du-Québec,2,51229102,HÔTEL-DIEU DE SOREL,Montérégie,26.5,yes,100.0,232
51233583,CENTRE MULTISERVICES DE SANTÉ ET DE SERVICES SOCIAUX AVELLIN-DALCOURT,Mauricie et Centre-du-Québec,3,51220168,PAVILLON SAINTE-MARIE,Mauricie et Centre-du-Québec,30.2,no,0.0,0
51233583,CENTRE MULTISERVICES DE SANTÉ ET DE SERVICES SOCIAUX AVELLIN-DALCOURT,Mauricie et Centre-du-Québec,4,51220051,HÔPITAL DU CENTRE-DE-LA-MAURICIE,Mauricie et Centre-du-Québec,33.3,no,0.0,0
51233583,CENTRE MULTISERVICES DE SANTÉ ET DE SERVICES SOCIAUX AVELLIN-DALCOURT,Mauricie et Centre-du-Québec,5,51244945,HÔPITAL DE LANAUDIÈRE ET CENTRE D'HÉBERGEMENT PARPHILIA-FERLAND,Lanaudière,47.2,yes,100.0,232
51246338,CENTRE MULTISERVICES DE SANTÉ ET DE SERVICES SOCIAUX CHRIST-ROI,Mauricie et Centre-du-Québec,1,51220168,PAVILLON SAINTE-MARIE,Mauricie et Centre-du-Québec,14.5,no,0.0,0
51246338,CENTRE MULTISERVICES DE SANTÉ ET DE SERVICES SOCIAUX CHRIST-ROI,Mauricie et Centre-du-Québec,2,51233583,CENTRE MULTISERVICES DE SANTÉ ET DE SERVICES SOCIAUX AVELLIN-DALCOURT,Mauricie et Centre-du-Québec,23.4,no,0.0,0
51246338,CENTRE MULTISERVICES DE SANTÉ ET DE SERVICES SOCIAUX CHRIST-ROI,Mauricie et Centre-du-Québec,3,51220051,HÔPITAL DU CENTRE-DE-LA-MAURICIE,Mauricie et Centre-du-Québec,33.9,no,0.0,0
51246338,CENTRE MULTISERVICES DE SANTÉ ET DE SERVICES SOCIAUX CHRIST-ROI,Mauricie et Centre-du-Québec,4,51228781,HÔPITAL SAINTE-CROIX,Mauricie et Centre-du-Québec,40.7,no,0.0,0
51246338,CENTRE MULTISERVICES DE SANTÉ ET DE SERVICES SOCIAUX CHRIST-ROI,Mauricie et Centre-du-Québec,5,51229102,HÔTEL-DIEU DE SOREL,Montérégie,41.6,yes,100.0,232
51216687,CHUS - HÔPITAL FLEURIMONT,Estrie,1,51216695,CHUS - HÔTEL-DIEU DE SHERBROOKE,Estrie,5.5,no,100.0,232
51216687,CHUS - HÔPITAL FLEURIMONT,Estrie,2,51219046,CENTRE MULTISERVICES DE SANTÉ ET DE SERVICES SOCIAUX DE MEMPHRÉMAGOG,Estrie,29.6,no,100.0,232
51216687,CHUS - HÔPITAL FLEURIMONT,Estrie,3,51247617,CENTRE MULTISERVICES DE SANTÉ ET DE SERVICES SOCIAUX DE LA MRC DE COATICOOK,Estrie,35.1,no,100.0,232
51216687,CHUS - HÔPITAL FLEURIMONT,Estrie,4,51247583,CENTRE MULTISERVICES DE SANTÉ ET DE SERVICES SOCIAUX DES SOURCES,Estrie,36.3,no,100.0,232
51216687,CHUS - HÔPITAL FLEURIMONT,Estrie,5,51228039,HÔTEL-DIEU D'ARTHABASKA,Mauricie et Centre-du-Québec,66.0,yes,0.0,0
51216695,CHUS - HÔTEL-DIEU DE SHERBROOKE,Estrie,1,51216687,CHUS - HÔPITAL FLEURIMONT,Estrie,5.5,no,100.0,232
51216695,CHUS - HÔTEL-DIEU DE SHERBROOKE,Estrie,2,51219046,CENTRE MULTISERVICES DE SANTÉ ET DE SERVICES SOCIAUX DE MEMPHRÉMAGOG,Estrie,25.6,no,100.0,232
51216695,CHUS - HÔTEL-DIEU DE SHERBROOKE,Estrie,3,51247617,CENTRE MULTISERVICES DE SANTÉ ET DE SERVICES SOCIAUX DE LA MRC DE COATICOOK,Estrie,29.7,no,100.0,232
51216695,CHUS - HÔTEL-DIEU DE SHERBROOKE,Estrie,4,51247583,CENTRE MULTISERVICES DE SANTÉ ET DE SERVICES SOCIAUX DES SOURCES,Estrie,41.7,no,100.0,232
51216695,CHUS - HÔTEL-DIEU DE SHERBROOKE,Estrie,5,51228120,HÔPITAL DE GRANBY,Estrie,66.0,no,100.0,232
51219046,CENTRE MULTISERVICES DE SANTÉ ET DE SERVICES SOCIAUX DE MEMPHRÉMAGOG,Estrie,1,51216695,CHUS - HÔTEL-DIEU DE SHERBROOKE,Estrie,25.6,no,100.0,232
51219046,CENTRE MULTISERVICES DE SANTÉ ET DE SERVICES SOCIAUX DE MEMPHRÉMAGOG,Estrie,2,51216687,CHUS - HÔPITAL FLEURIMONT,Estrie,29.6,no,100.0,232
51219046,CENTRE MULTISERVICES DE SANTÉ ET DE SERVICES SOCIAUX DE MEMPHRÉMAGOG,Estrie,3,51247617,CENTRE MULTISERVICES DE SANTÉ ET DE SERVICES SOCIAUX DE LA MRC DE COATICOOK,Estrie,29.8,no,100.0,232
51219046,CENTRE MULTISERVICES DE SANTÉ ET DE SERVICES SOCIAUX DE MEMPHRÉMAGOG,Estrie,4,51229185,HÔPITAL BROME-MISSISQUOI-PERKINS,Estrie,45.0,no,100.0,232
51219046,CENTRE MULTISERVICES DE SANTÉ ET DE SERVICES SOCIAUX DE MEMPHRÉMAGOG,Estrie,5,51228120,HÔPITAL DE GRANBY,Estrie,48.0,no,100.0,232
51223832,CENTRE MULTISERVICES DE SANTÉ ET DE SERVICES SOCIAUX DU GRANIT,Estrie,1,51228971,HÔPITAL DE SAINT-GEORGES,Chaudière-Appalaches,60.4,yes,100.0,232
51223832,CENTRE MULTISERVICES DE SANTÉ ET DE SERVICES SOCIAUX DU GRANIT,Estrie,2,51245231,HÔPITAL DE THETFORD,Chaudière-Appalaches,64.7,yes,99.6,231
51223832,CENTRE MULTISERVICES DE SANTÉ ET DE SERVICES SOCIAUX DU GRANIT,Estrie,3,51216687,CHUS - HÔPITAL FLEURIMONT,Estrie,76.7,no,100.0,232
51223832,CENTRE MULTISERVICES DE SANTÉ ET DE SERVICES SOCIAUX DU GRANIT,Estrie,4,51216695,CHUS - HÔTEL-DIEU DE SHERBROOKE,Estrie,78.7,no,100.0,232
51223832,CENTRE MULTISERVICES DE SANTÉ ET DE SERVICES SOCIAUX DU GRANIT,Estrie,5,51247583,CENTRE MULTISERVICES DE SANTÉ ET DE SERVICES SOCIAUX DES SOURCES,Estrie,81.8,no,100.0,232
51228120,HÔPITAL DE GRANBY,Estrie,1,51229185,HÔPITAL BROME-MISSISQUOI-PERKINS,Estrie,22.6,no,100.0,232
51228120,HÔPITAL DE GRANBY,Estrie,2,51229193,HÔPITAL HONORÉ-MERCIER,Montérégie,31.0,yes,99.6,231
51228120,HÔPITAL DE GRANBY,Estrie,3,51229045,HÔPITAL DU HAUT-RICHELIEU,Montérégie,43.6,yes,100.0,232
51228120,HÔPITAL DE GRANBY,Estrie,4,51219046,CENTRE MULTISERVICES DE SANTÉ ET DE SERVICES SOCIAUX DE MEMPHRÉMAGOG,Estrie,48.0,no,100.0,232
51228120,HÔPITAL DE GRANBY,Estrie,5,51228781,HÔPITAL SAINTE-CROIX,Mauricie et Centre-du-Québec,55.6,yes,0.0,0
51229185,HÔPITAL BROME-MISSISQUOI-PERKINS,Estrie,1,51228120,HÔPITAL DE GRANBY,Estrie,22.6,no,100.0,232
51229185,HÔPITAL BROME-MISSISQUOI-PERKINS,Estrie,2,51219046,CENTRE MULTISERVICES DE SANTÉ ET DE SERVICES SOCIAUX DE MEMPHRÉMAGOG,Estrie,45.0,no,100.0,232
51229185,HÔPITAL BROME-MISSISQUOI-PERKINS,Estrie,3,51229045,HÔPITAL DU HAUT-RICHELIEU,Montérégie,45.7,yes,100.0,232
51229185,HÔPITAL BROME-MISSISQUOI-PERKINS,Estrie,4,51229193,HÔPITAL HONORÉ-MERCIER,Montérégie,51.3,yes,99.6,231
51229185,HÔPITAL BROME-MISSISQUOI-PERKINS,Estrie,5,51233799,HÔPITAL CHARLES-LE MOYNE,Montérégie,68.4,yes,98.7,229
51247583,CENTRE MULTISERVICES DE SANTÉ ET DE SERVICES SOCIAUX DES SOURCES,Estrie,1,51228039,HÔTEL-DIEU D'ARTHABASKA,Mauricie et Centre-du-Québec,29.9,yes,0.0,0
51247583,CENTRE MULTISERVICES DE SANTÉ ET DE SERVICES SOCIAUX DES SOURCES,Estrie,2,51216687,CHUS - HÔPITAL FLEURIMONT,Estrie,36.3,no,100.0,232
51247583,CENTRE MULTISERVICES DE SANTÉ ET DE SERVICES SOCIAUX DES SOURCES,Estrie,3,51216695,CHUS - HÔTEL-DIEU DE SHERBROOKE,Estrie,41.7,no,100.0,232
51247583,CENTRE MULTISERVICES DE SANTÉ ET DE SERVICES SOCIAUX DES SOURCES,Estrie,4,51228781,HÔPITAL SAINTE-CROIX,Mauricie et Centre-du-Québec,44.4,yes,0.0,0
51247583,CENTRE MULTISERVICES DE SANTÉ ET DE SERVICES SOCIAUX DES SOURCES,Estrie,5,51219046,CENTRE MULTISERVICES DE SANTÉ ET DE SERVICES SOCIAUX DE MEMPHRÉMAGOG,Estrie,58.9,no,100.0,232
51247617,CENTRE MULTISERVICES DE SANTÉ ET DE SERVICES SOCIAUX DE LA MRC DE COATICOOK,Estrie,1,51216695,CHUS - HÔTEL-DIEU DE SHERBROOKE,Estrie,29.7,no,100.0,232
51247617,CENTRE MULTISERVICES DE SANTÉ ET DE SERVICES SOCIAUX DE LA MRC DE COATICOOK,Estrie,2,51219046,CENTRE MULTISERVICES DE SANTÉ ET DE SERVICES SOCIAUX DE MEMPHRÉMAGOG,Estrie,29.8,no,100.0,232
51247617,CENTRE MULTISERVICES DE SANTÉ ET DE SERVICES SOCIAUX DE LA MRC DE COATICOOK,Estrie,3,51216687,CHUS - HÔPITAL FLEURIMONT,Estrie,35.1,no,100.0,232
51247617,CENTRE MULTISERVICES DE SANTÉ ET DE SERVICES SOCIAUX DE LA MRC DE COATICOOK,Estrie,4,51229185,HÔPITAL BROME-MISSISQUOI-PERKINS,Estrie,71.2,no,100.0,232
51247617,CENTRE MULTISERVICES DE SANTÉ ET DE SERVICES SOCIAUX DE LA MRC DE COATICOOK,Estrie,5,51247583,CENTRE MULTISERVICES DE SANTÉ ET DE SERVICES SOCIAUX DES SOURCES,Estrie,71.4,no,100.0,232
12475976,HÔPITAL DU SACRÉ-COEUR-DE-MONTRÉAL,Montréal,1,51848752,HÔPITAL EN SANTÉ MENTALE ALBERT-PRÉVOST,Montréal,1.2,no,0.0,0
12475976,HÔPITAL DU SACRÉ-COEUR-DE-MONTRÉAL,Montréal,2,51228492,HÔPITAL FLEURY,Montréal,6.6,no,0.0,0
12475976,HÔPITAL DU SACRÉ-COEUR-DE-MONTRÉAL,Montréal,3,51222800,CHU SAINTE-JUSTINE,Montréal,7.7,no,99.6,231
12475976,HÔPITAL DU SACRÉ-COEUR-DE-MONTRÉAL,Montréal,4,51248250,HÔPITAL GÉNÉRAL JUIF,Montréal,7.7,no,99.1,230
12475976,HÔPITAL DU SACRÉ-COEUR-DE-MONTRÉAL,Montréal,5,51228757,HÔPITAL DE LA CITÉ-DE-LA-SANTÉ,Laval,7.9,yes,99.6,231
12934659,HÔPITAL MAISONNEUVE-ROSEMONT,Montréal,1,51235919,HÔPITAL SANTA CABRINI,Montréal,1.2,no,99.6,231
12934659,HÔPITAL MAISONNEUVE-ROSEMONT,Montréal,2,51248201,INSTITUT DE CARDIOLOGIE DE MONTRÉAL,Montréal,1.5,no,100.0,232
12934659,HÔPITAL MAISONNEUVE-ROSEMONT,Montréal,3,51235307,INSTITUT UNIVERSITAIRE EN SANTÉ MENTALE DE MONTRÉAL,Montréal,2.8,no,100.0,232
12934659,HÔPITAL MAISONNEUVE-ROSEMONT,Montréal,4,51228500,HÔPITAL JEAN-TALON,Montréal,5.1,no,0.0,0
12934659,HÔPITAL MAISONNEUVE-ROSEMONT,Montréal,5,51236313,HÔPITAL NOTRE-DAME,Montréal,5.4,no,99.6,231
51218097,HÔPITAL DE VERDUN,Montréal,1,51235190,HÔPITAL DOUGLAS,Montréal,2.9,no,100.0,232
51218097,HÔPITAL DE VERDUN,Montréal,2,51223295,HÔPITAL ROYAL VICTORIA,Montréal,3.0,no,100.0,232
51218097,HÔPITAL DE VERDUN,Montréal,3,51223279,L'HÔPITAL DE MONTRÉAL POUR ENFANTS,Montréal,3.0,no,100.0,232
51218097,HÔPITAL DE VERDUN,Montréal,4,51248219,HÔPITAL GÉNÉRAL DE MONTRÉAL,Montréal,4.1,no,100.0,232
51218097,HÔPITAL DE VERDUN,Montréal,5,51236297,CENTRE HOSPITALIER DE L'UNIVERSITÉ DE MONTRÉAL,Montréal,5.3,no,99.6,231
51222800,CHU SAINTE-JUSTINE,Montréal,1,51248250,HÔPITAL GÉNÉRAL JUIF,Montréal,0.7,no,99.1,230
51222800,CHU SAINTE-JUSTINE,Montréal,2,51248243,CENTRE HOSPITALIER DE ST. MARY,Montréal,0.9,no,100.0,232
51222800,CHU SAINTE-JUSTINE,Montréal,3,51248219,HÔPITAL GÉNÉRAL DE MONTRÉAL,Montréal,2.9,no,100.0,232
51222800,CHU SAINTE-JUSTINE,Montréal,4,51223295,HÔPITAL ROYAL VICTORIA,Montréal,3.9,no,100.0,232
51222800,CHU SAINTE-JUSTINE,Montréal,5,51223279,L'HÔPITAL DE MONTRÉAL POUR ENFANTS,Montréal,3.9,no,100.0,232
51223279,L'HÔPITAL DE MONTRÉAL POUR ENFANTS,Montréal,1,51223295,HÔPITAL ROYAL VICTORIA,Montréal,0.0,no,100.0,232
51223279,L'HÔPITAL DE MONTRÉAL POUR ENFANTS,Montréal,2,51248219,HÔPITAL GÉNÉRAL DE MONTRÉAL,Montréal,2.9,no,100.0,232
51223279,L'HÔPITAL DE MONTRÉAL POUR ENFANTS,Montréal,3,51218097,HÔPITAL DE VERDUN,Montréal,3.0,no,100.0,232
51223279,L'HÔPITAL DE MONTRÉAL POUR ENFANTS,Montréal,4,51248243,CENTRE HOSPITALIER DE ST. MARY,Montréal,3.1,no,100.0,232
51223279,L'HÔPITAL DE MONTRÉAL POUR ENFANTS,Montréal,5,51248250,HÔPITAL GÉNÉRAL JUIF,Montréal,3.6,no,99.1,230
51223295,HÔPITAL ROYAL VICTORIA,Montréal,1,51223279,L'HÔPITAL DE MONTRÉAL POUR ENFANTS,Montréal,0.0,no,100.0,232
51223295,HÔPITAL ROYAL VICTORIA,Montréal,2,51248219,HÔPITAL GÉNÉRAL DE MONTRÉAL,Montréal,2.9,no,100.0,232
51223295,HÔPITAL ROYAL VICTORIA,Montréal,3,51218097,HÔPITAL DE VERDUN,Montréal,3.0,no,100.0,232
51223295,HÔPITAL ROYAL VICTORIA,Montréal,4,51248243,CENTRE HOSPITALIER DE ST. MARY,Montréal,3.1,no,100.0,232
51223295,HÔPITAL ROYAL VICTORIA,Montréal,5,51248250,HÔPITAL GÉNÉRAL JUIF,Montréal,3.5,no,99.1,230
51224392,HÔPITAL DE LASALLE,Montréal,1,51235190,HÔPITAL DOUGLAS,Montréal,3.9,no,100.0,232
51224392,HÔPITAL DE LASALLE,Montréal,2,51228310,HÔPITAL DE LACHINE,Montréal,4.7,no,100.0,232
51224392,HÔPITAL DE LASALLE,Montréal,3,51223279,L'HÔPITAL DE MONTRÉAL POUR ENFANTS,Montréal,6.0,no,100.0,232
51224392,HÔPITAL DE LASALLE,Montréal,4,51223295,HÔPITAL ROYAL VICTORIA,Montréal,6.0,no,100.0,232
51224392,HÔPITAL DE LASALLE,Montréal,5,51218097,HÔPITAL DE VERDUN,Montréal,6.7,no,100.0,232
51228278,HÔPITAL GÉNÉRAL DU LAKESHORE,Montréal,1,51848752,HÔPITAL EN SANTÉ MENTALE ALBERT-PRÉVOST,Montréal,12.1,no,0.0,0
51228278,HÔPITAL GÉNÉRAL DU LAKESHORE,Montréal,2,51228310,HÔPITAL DE LACHINE,Montréal,12.3,no,100.0,232
51228278,HÔPITAL GÉNÉRAL DU LAKESHORE,Montréal,3,51229151,HÔPITAL ANNA-LABERGE,Montérégie,12.7,yes,98.3,228
51228278,HÔPITAL GÉNÉRAL DU LAKESHORE,Montréal,4,12475976,HÔPITAL DU SACRÉ-COEUR-DE-MONTRÉAL,Montréal,13.2,no,0.0,0
51228278,HÔPITAL GÉNÉRAL DU LAKESHORE,Montréal,5,51228864,HÔPITAL DE SAINT-EUSTACHE,Laurentides,15.0,yes,100.0,232
51228310,HÔPITAL DE LACHINE,Montréal,1,51224392,HÔPITAL DE LASALLE,Montréal,4.7,no,100.0,232
51228310,HÔPITAL DE LACHINE,Montréal,2,51223279,L'HÔPITAL DE MONTRÉAL POUR ENFANTS,Montréal,6.9,no,100.0,232
51228310,HÔPITAL DE LACHINE,Montréal,3,51223295,HÔPITAL ROYAL VICTORIA,Montréal,6.9,no,100.0,232
51228310,HÔPITAL DE LACHINE,Montréal,4,51235190,HÔPITAL DOUGLAS,Montréal,7.2,no,100.0,232
51228310,HÔPITAL DE LACHINE,Montréal,5,51248243,CENTRE HOSPITALIER DE ST. MARY,Montréal,7.3,no,100.0,232
51228492,HÔPITAL FLEURY,Montréal,1,51228500,HÔPITAL JEAN-TALON,Montréal,4.3,no,0.0,0
51228492,HÔPITAL FLEURY,Montréal,2,51248201,INSTITUT DE CARDIOLOGIE DE MONTRÉAL,Montréal,5.7,no,100.0,232
51228492,HÔPITAL FLEURY,Montréal,3,51228757,HÔPITAL DE LA CITÉ-DE-LA-SANTÉ,Laval,5.9,yes,99.6,231
51228492,HÔPITAL FLEURY,Montréal,4,51235919,HÔPITAL SANTA CABRINI,Montréal,6.2,no,99.6,231
51228492,HÔPITAL FLEURY,Montréal,5,12475976,HÔPITAL DU SACRÉ-COEUR-DE-MONTRÉAL,Montréal,6.6,no,0.0,0
51228500,HÔPITAL JEAN-TALON,Montréal,1,51248201,INSTITUT DE CARDIOLOGIE DE MONTRÉAL,Montréal,4.0,no,100.0,232
51228500,HÔPITAL JEAN-TALON,Montréal,2,51236313,HÔPITAL NOTRE-DAME,Montréal,4.2,no,99.6,231
51228500,HÔPITAL JEAN-TALON,Montréal,3,51228492,HÔPITAL FLEURY,Montréal,4.3,no,0.0,0
51228500,HÔPITAL JEAN-TALON,Montréal,4,51235919,HÔPITAL SANTA CABRINI,Montréal,4.8,no,99.6,231
51228500,HÔPITAL JEAN-TALON,Montréal,5,51222800,CHU SAINTE-JUSTINE,Montréal,4.9,no,99.6,231
51235190,HÔPITAL DOUGLAS,Montréal,1,51218097,HÔPITAL DE VERDUN,Montréal,2.9,no,100.0,232
51235190,HÔPITAL DOUGLAS,Montréal,2,51223279,L'HÔPITAL DE MONTRÉAL POUR ENFANTS,Montréal,3.6,no,100.0,232
51235190,HÔPITAL DOUGLAS,Montréal,3,51223295,HÔPITAL ROYAL VICTORIA,Montréal,3.6,no,100.0,232
51235190,HÔPITAL DOUGLAS,Montréal,4,51224392,HÔPITAL DE LASALLE,Montréal,3.9,no,100.0,232
51235190,HÔPITAL DOUGLAS,Montréal,5,51248219,HÔPITAL GÉNÉRAL DE MONTRÉAL,Montréal,6.1,no,100.0,232
51235307,INSTITUT UNIVERSITAIRE EN SANTÉ MENTALE DE MONTRÉAL,Montréal,1,12934659,HÔPITAL MAISONNEUVE-ROSEMONT,Montréal,2.8,no,99.6,231
51235307,INSTITUT UNIVERSITAIRE EN SANTÉ MENTALE DE MONTRÉAL,Montréal,2,51235919,HÔPITAL SANTA CABRINI,Montréal,3.5,no,99.6,231
51235307,INSTITUT UNIVERSITAIRE EN SANTÉ MENTALE DE MONTRÉAL,Montréal,3,51248201,INSTITUT DE CARDIOLOGIE DE MONTRÉAL,Montréal,4.1,no,100.0,232
51235307,INSTITUT UNIVERSITAIRE EN SANTÉ MENTALE DE MONTRÉAL,Montréal,4,51236313,HÔPITAL NOTRE-DAME,Montréal,7.5,no,99.6,231
51235307,INSTITUT UNIVERSITAIRE EN SANTÉ MENTALE DE MONTRÉAL,Montréal,5,51229011,HÔPITAL PIERRE-BOUCHER,Montérégie,7.8,yes,100.0,232
51235919,HÔPITAL SANTA CABRINI,Montréal,1,51248201,INSTITUT DE CARDIOLOGIE DE MONTRÉAL,Montréal,0.8,no,100.0,232
51235919,HÔPITAL SANTA CABRINI,Montréal,2,12934659,HÔPITAL MAISONNEUVE-ROSEMONT,Montréal,1.2,no,99.6,231
51235919,HÔPITAL SANTA CABRINI,Montréal,3,51235307,INSTITUT UNIVERSITAIRE EN SANTÉ MENTALE DE MONTRÉAL,Montréal,3.5,no,100.0,232
51235919,HÔPITAL SANTA CABRINI,Montréal,4,51228500,HÔPITAL JEAN-TALON,Montréal,4.8,no,0.0,0
51235919,HÔPITAL SANTA CABRINI,Montréal,5,51236313,HÔPITAL NOTRE-DAME,Montréal,6.1,no,99.6,231
51236297,CENTRE HOSPITALIER DE L'UNIVERSITÉ DE MONTRÉAL,Montréal,1,51236313,HÔPITAL NOTRE-DAME,Montréal,1.6,no,99.6,231
51236297,CENTRE HOSPITALIER DE L'UNIVERSITÉ DE MONTRÉAL,Montréal,2,51248219,HÔPITAL GÉNÉRAL DE MONTRÉAL,Montréal,3.0,no,100.0,232
51236297,CENTRE HOSPITALIER DE L'UNIVERSITÉ DE MONTRÉAL,Montréal,3,51218097,HÔPITAL DE VERDUN,Montréal,5.3,no,100.0,232
51236297,CENTRE HOSPITALIER DE L'UNIVERSITÉ DE MONTRÉAL,Montréal,4,51222800,CHU SAINTE-JUSTINE,Montréal,5.4,no,99.6,231
51236297,CENTRE HOSPITALIER DE L'UNIVERSITÉ DE MONTRÉAL,Montréal,5,51223295,HÔPITAL ROYAL VICTORIA,Montréal,5.6,no,100.0,232
51236313,HÔPITAL NOTRE-DAME,Montréal,1,51236297,CENTRE HOSPITALIER DE L'UNIVERSITÉ DE MONTRÉAL,Montréal,1.6,no,99.6,231
51236313,HÔPITAL NOTRE-DAME,Montréal,2,51248219,HÔPITAL GÉNÉRAL DE MONTRÉAL,Montréal,3.7,no,100.0,232
51236313,HÔPITAL NOTRE-DAME,Montréal,3,51228500,HÔPITAL JEAN-TALON,Montréal,4.2,no,0.0,0
51236313,HÔPITAL NOTRE-DAME,Montréal,4,51222800,CHU SAINTE-JUSTINE,Montréal,5.4,no,99.6,231
51236313,HÔPITAL NOTRE-DAME,Montréal,5,12934659,HÔPITAL MAISONNEUVE-ROSEMONT,Montréal,5.4,no,99.6,231
51248201,INSTITUT DE CARDIOLOGIE DE MONTRÉAL,Montréal,1,51235919,HÔPITAL SANTA CABRINI,Montréal,0.8,no,99.6,231
51248201,INSTITUT DE CARDIOLOGIE DE MONTRÉAL,Montréal,2,12934659,HÔPITAL MAISONNEUVE-ROSEMONT,Montréal,1.5,no,99.6,231
51248201,INSTITUT DE CARDIOLOGIE DE MONTRÉAL,Montréal,3,51228500,HÔPITAL JEAN-TALON,Montréal,4.0,no,0.0,0
51248201,INSTITUT DE CARDIOLOGIE DE MONTRÉAL,Montréal,4,51235307,INSTITUT UNIVERSITAIRE EN SANTÉ MENTALE DE MONTRÉAL,Montréal,4.1,no,100.0,232
51248201,INSTITUT DE CARDIOLOGIE DE MONTRÉAL,Montréal,5,51236313,HÔPITAL NOTRE-DAME,Montréal,5.5,no,99.6,231
51248219,HÔPITAL GÉNÉRAL DE MONTRÉAL,Montréal,1,51248243,CENTRE HOSPITALIER DE ST. MARY,Montréal,2.7,no,100.0,232
51248219,HÔPITAL GÉNÉRAL DE MONTRÉAL,Montréal,2,51223295,HÔPITAL ROYAL VICTORIA,Montréal,2.9,no,100.0,232
51248219,HÔPITAL GÉNÉRAL DE MONTRÉAL,Montréal,3,51222800,CHU SAINTE-JUSTINE,Montréal,2.9,no,99.6,231
51248219,HÔPITAL GÉNÉRAL DE MONTRÉAL,Montréal,4,51223279,L'HÔPITAL DE MONTRÉAL POUR ENFANTS,Montréal,2.9,no,100.0,232
51248219,HÔPITAL GÉNÉRAL DE MONTRÉAL,Montréal,5,51236297,CENTRE HOSPITALIER DE L'UNIVERSITÉ DE MONTRÉAL,Montréal,3.0,no,99.6,231
51248243,CENTRE HOSPITALIER DE ST. MARY,Montréal,1,51248250,HÔPITAL GÉNÉRAL JUIF,Montréal,0.5,no,99.1,230
51248243,CENTRE HOSPITALIER DE ST. MARY,Montréal,2,51222800,CHU SAINTE-JUSTINE,Montréal,0.9,no,99.6,231
51248243,CENTRE HOSPITALIER DE ST. MARY,Montréal,3,51248219,HÔPITAL GÉNÉRAL DE MONTRÉAL,Montréal,2.7,no,100.0,232
51248243,CENTRE HOSPITALIER DE ST. MARY,Montréal,4,51223295,HÔPITAL ROYAL VICTORIA,Montréal,3.1,no,100.0,232
51248243,CENTRE HOSPITALIER DE ST. MARY,Montréal,5,51223279,L'HÔPITAL DE MONTRÉAL POUR ENFANTS,Montréal,3.1,no,100.0,232
51248250,HÔPITAL GÉNÉRAL JUIF,Montréal,1,51248243,CENTRE HOSPITALIER DE ST. MARY,Montréal,0.5,no,100.0,232
51248250,HÔPITAL GÉNÉRAL JUIF,Montréal,2,51222800,CHU SAINTE-JUSTINE,Montréal,0.7,no,99.6,231
51248250,HÔPITAL GÉNÉRAL JUIF,Montréal,3,51248219,HÔPITAL GÉNÉRAL DE MONTRÉAL,Montréal,3.1,no,100.0,232
51248250,HÔPITAL GÉNÉRAL JUIF,Montréal,4,51223295,HÔPITAL ROYAL VICTORIA,Montréal,3.5,no,100.0,232
51248250,HÔPITAL GÉNÉRAL JUIF,Montréal,5,51223279,L'HÔPITAL DE MONTRÉAL POUR ENFANTS,Montréal,3.6,no,100.0,232
51848752,HÔPITAL EN SANTÉ MENTALE ALBERT-PRÉVOST,Montréal,1,12475976,HÔPITAL DU SACRÉ-COEUR-DE-MONTRÉAL,Montréal,1.2,no,0.0,0
51848752,HÔPITAL EN SANTÉ MENTALE ALBERT-PRÉVOST,Montréal,2,51228492,HÔPITAL FLEURY,Montréal,7.8,no,0.0,0
51848752,HÔPITAL EN SANTÉ MENTALE ALBERT-PRÉVOST,Montréal,3,51228757,HÔPITAL DE LA CITÉ-DE-LA-SANTÉ,Laval,8.4,yes,99.6,231
51848752,HÔPITAL EN SANTÉ MENTALE ALBERT-PRÉVOST,Montréal,4,51248250,HÔPITAL GÉNÉRAL JUIF,Montréal,8.5,no,99.1,230
51848752,HÔPITAL EN SANTÉ MENTALE ALBERT-PRÉVOST,Montréal,5,51222800,CHU SAINTE-JUSTINE,Montréal,8.6,no,99.6,231
51219459,HÔPITAL ET CHSLD DU PONTIAC,Outaouais,1,51245058,CENTRE MULTISERVICES DE SANTÉ ET DE SERVICES SOCIAUX DE MANSFIELD-ET-PONTEFRACT,Outaouais,32.9,no,100.0,232
51219459,HÔPITAL ET CHSLD DU PONTIAC,Outaouais,2,51228799,HÔPITAL ET CHSLD MÉMORIAL DE WAKEFIELD / WAKEFIELD MEMORIAL HOSPITAL,Outaouais,43.1,no,100.0,232
51219459,HÔPITAL ET CHSLD DU PONTIAC,Outaouais,3,51221711,HÔPITAL DE HULL,Outaouais,60.2,no,99.6,231
51219459,HÔPITAL ET CHSLD DU PONTIAC,Outaouais,4,51221703,HÔPITAL DE GATINEAU,Outaouais,63.0,no,99.6,231
51219459,HÔPITAL ET CHSLD DU PONTIAC,Outaouais,5,51228823,HÔPITAL ET CHSLD DE PAPINEAU,Outaouais,83.5,no,100.0,232
51219491,CLSC ET CENTRE D'HÉBERGEMENT DE LA PETITE-NATION,Outaouais,1,51228823,HÔPITAL ET CHSLD DE PAPINEAU,Outaouais,31.2,no,100.0,232
51219491,CLSC ET CENTRE D'HÉBERGEMENT DE LA PETITE-NATION,Outaouais,2,51245306,CENTRE MULTISERVICES DE SANTÉ ET DE SERVICES SOCIAUX D'ARGENTEUIL,Laurentides,55.3,yes,100.0,232
51219491,CLSC ET CENTRE D'HÉBERGEMENT DE LA PETITE-NATION,Outaouais,3,51221703,HÔPITAL DE GATINEAU,Outaouais,55.4,no,99.6,231
51219491,CLSC ET CENTRE D'HÉBERGEMENT DE LA PETITE-NATION,Outaouais,4,51221711,HÔPITAL DE HULL,Outaouais,61.8,no,99.6,231
51219491,CLSC ET CENTRE D'HÉBERGEMENT DE LA PETITE-NATION,Outaouais,5,51228799,HÔPITAL ET CHSLD MÉMORIAL DE WAKEFIELD / WAKEFIELD MEMORIAL HOSPITAL,Outaouais,68.4,no,100.0,232
51221703,HÔPITAL DE GATINEAU,Outaouais,1,51221711,HÔPITAL DE HULL,Outaouais,6.9,no,99.6,231
51221703,HÔPITAL DE GATINEAU,Outaouais,2,51228823,HÔPITAL ET CHSLD DE PAPINEAU,Outaouais,24.2,no,100.0,232
51221703,HÔPITAL DE GATINEAU,Outaouais,3,51228799,HÔPITAL ET CHSLD MÉMORIAL DE WAKEFIELD / WAKEFIELD MEMORIAL HOSPITAL,Outaouais,25.5,no,100.0,232
51221703,HÔPITAL DE GATINEAU,Outaouais,4,51219491,CLSC ET CENTRE D'HÉBERGEMENT DE LA PETITE-NATION,Outaouais,55.4,no,100.0,232
51221703,HÔPITAL DE GATINEAU,Outaouais,5,51219459,HÔPITAL ET CHSLD DU PONTIAC,Outaouais,63.0,no,100.0,232
51221711,HÔPITAL DE HULL,Outaouais,1,51221703,HÔPITAL DE GATINEAU,Outaouais,6.9,no,99.6,231
51221711,HÔPITAL DE HULL,Outaouais,2,51228799,HÔPITAL ET CHSLD MÉMORIAL DE WAKEFIELD / WAKEFIELD MEMORIAL HOSPITAL,Outaouais,26.9,no,100.0,232
51221711,HÔPITAL DE HULL,Outaouais,3,51228823,HÔPITAL ET CHSLD DE PAPINEAU,Outaouais,30.6,no,100.0,232
51221711,HÔPITAL DE HULL,Outaouais,4,51219459,HÔPITAL ET CHSLD DU PONTIAC,Outaouais,60.2,no,100.0,232
51221711,HÔPITAL DE HULL,Outaouais,5,51219491,CLSC ET CENTRE D'HÉBERGEMENT DE LA PETITE-NATION,Outaouais,61.8,no,100.0,232
51221893,HÔPITAL DE MANIWAKI,Outaouais,1,51217610,HÔPITAL DE MONT-LAURIER,Laurentides,39.5,yes,100.0,232
51221893,HÔPITAL DE MANIWAKI,Outaouais,2,51228799,HÔPITAL ET CHSLD MÉMORIAL DE WAKEFIELD / WAKEFIELD MEMORIAL HOSPITAL,Outaouais,82.6,no,100.0,232
51221893,HÔPITAL DE MANIWAKI,Outaouais,3,51245058,CENTRE MULTISERVICES DE SANTÉ ET DE SERVICES SOCIAUX DE MANSFIELD-ET-PONTEFRACT,Outaouais,83.6,no,100.0,232
51221893,HÔPITAL DE MANIWAKI,Outaouais,4,51217628,CENTRE MULTISERVICES DE SANTÉ ET DE SERVICES SOCIAUX DE RIVIÈRE-ROUGE,Laurentides,84.0,yes,100.0,232
51221893,HÔPITAL DE MANIWAKI,Outaouais,5,51219459,HÔPITAL ET CHSLD DU PONTIAC,Outaouais,95.6,no,100.0,232
51228799,HÔPITAL ET CHSLD MÉMORIAL DE WAKEFIELD / WAKEFIELD MEMORIAL HOSPITAL,Outaouais,1,51221703,HÔPITAL DE GATINEAU,Outaouais,25.5,no,99.6,231
51228799,HÔPITAL ET CHSLD MÉMORIAL DE WAKEFIELD / WAKEFIELD MEMORIAL HOSPITAL,Outaouais,2,51221711,HÔPITAL DE HULL,Outaouais,26.9,no,99.6,231
51228799,HÔPITAL ET CHSLD MÉMORIAL DE WAKEFIELD / WAKEFIELD MEMORIAL HOSPITAL,Outaouais,3,51228823,HÔPITAL ET CHSLD DE PAPINEAU,Outaouais,41.1,no,100.0,232
51228799,HÔPITAL ET CHSLD MÉMORIAL DE WAKEFIELD / WAKEFIELD MEMORIAL HOSPITAL,Outaouais,4,51219459,HÔPITAL ET CHSLD DU PONTIAC,Outaouais,43.1,no,100.0,232
51228799,HÔPITAL ET CHSLD MÉMORIAL DE WAKEFIELD / WAKEFIELD MEMORIAL HOSPITAL,Outaouais,5,51245058,CENTRE MULTISERVICES DE SANTÉ ET DE SERVICES SOCIAUX DE MANSFIELD-ET-PONTEFRACT,Outaouais,65.7,no,100.0,232
51228823,HÔPITAL ET CHSLD DE PAPINEAU,Outaouais,1,51221703,HÔPITAL DE GATINEAU,Outaouais,24.2,no,99.6,231
51228823,HÔPITAL ET CHSLD DE PAPINEAU,Outaouais,2,51221711,HÔPITAL DE HULL,Outaouais,30.6,no,99.6,231
51228823,HÔPITAL ET CHSLD DE PAPINEAU,Outaouais,3,51219491,CLSC ET CENTRE D'HÉBERGEMENT DE LA PETITE-NATION,Outaouais,31.2,no,100.0,232
51228823,HÔPITAL ET CHSLD DE PAPINEAU,Outaouais,4,51228799,HÔPITAL ET CHSLD MÉMORIAL DE WAKEFIELD / WAKEFIELD MEMORIAL HOSPITAL,Outaouais,41.1,no,100.0,232
51228823,HÔPITAL ET CHSLD DE PAPINEAU,Outaouais,5,51245306,CENTRE MULTISERVICES DE SANTÉ ET DE SERVICES SOCIAUX D'ARGENTEUIL,Laurentides,82.8,yes,100.0,232
51245058,CENTRE MULTISERVICES DE SANTÉ ET DE SERVICES SOCIAUX DE MANSFIELD-ET-PONTEFRACT,Outaouais,1,51219459,HÔPITAL ET CHSLD DU PONTIAC,Outaouais,32.9,no,100.0,232
51245058,CENTRE MULTISERVICES DE SANTÉ ET DE SERVICES SOCIAUX DE MANSFIELD-ET-PONTEFRACT,Outaouais,2,51228799,HÔPITAL ET CHSLD MÉMORIAL DE WAKEFIELD / WAKEFIELD MEMORIAL HOSPITAL,Outaouais,65.7,no,100.0,232
51245058,CENTRE MULTISERVICES DE SANTÉ ET DE SERVICES SOCIAUX DE MANSFIELD-ET-PONTEFRACT,Outaouais,3,51221893,HÔPITAL DE MANIWAKI,Outaouais,83.6,no,100.0,232
51245058,CENTRE MULTISERVICES DE SANTÉ ET DE SERVICES SOCIAUX DE MANSFIELD-ET-PONTEFRACT,Outaouais,4,51221711,HÔPITAL DE HULL,Outaouais,88.6,no,99.6,231
51245058,CENTRE MULTISERVICES DE SANTÉ ET DE SERVICES SOCIAUX DE MANSFIELD-ET-PONTEFRACT,Outaouais,5,51221703,HÔPITAL DE GATINEAU,Outaouais,89.8,no,99.6,231
51225589,HÔPITAL DE VAL-D'OR,Abitibi-Témiscamingue,1,51228906,HÔPITAL D'AMOS,Abitibi-Témiscamingue,58.5,no,100.0,232
51225589,HÔPITAL DE VAL-D'OR,Abitibi-Témiscamingue,2,51228922,HÔPITAL DE ROUYN-NORANDA,Abitibi-Témiscamingue,92.1,no,100.0,232
51225589,HÔPITAL DE VAL-D'OR,Abitibi-Témiscamingue,3,51218527,CENTRE DE SANTÉ LEBEL,Nord-du-Québec,122.4,yes,100.0,232
51225589,HÔPITAL DE VAL-D'OR,Abitibi-Témiscamingue,4,51247559,CENTRE MULTISERVICES DE SANTÉ ET DE SERVICES SOCIAUX DE LA SARRE,Abitibi-Témiscamingue,128.8,no,100.0,232
51225589,HÔPITAL DE VAL-D'OR,Abitibi-Témiscamingue,5,51247542,CENTRE MULTISERVICES DE SANTÉ ET DE SERVICES SOCIAUX DE VILLE-MARIE,Abitibi-Témiscamingue,149.6,no,100.0,232
51228906,HÔPITAL D'AMOS,Abitibi-Témiscamingue,1,51225589,HÔPITAL DE VAL-D'OR,Abitibi-Témiscamingue,58.5,no,100.0,232
51228906,HÔPITAL D'AMOS,Abitibi-Témiscamingue,2,51228922,HÔPITAL DE ROUYN-NORANDA,Abitibi-Témiscamingue,75.5,no,100.0,232
51228906,HÔPITAL D'AMOS,Abitibi-Témiscamingue,3,51247559,CENTRE MULTISERVICES DE SANTÉ ET DE SERVICES SOCIAUX DE LA SARRE,Abitibi-Témiscamingue,82.2,no,100.0,232
51228906,HÔPITAL D'AMOS,Abitibi-Témiscamingue,4,51218527,CENTRE DE SANTÉ LEBEL,Nord-du-Québec,99.3,yes,100.0,232
51228906,HÔPITAL D'AMOS,Abitibi-Témiscamingue,5,51218535,CENTRE DE SANTÉ ISLE-DIEU,Nord-du-Québec,136.3,yes,100.0,232
51228922,HÔPITAL DE ROUYN-NORANDA,Abitibi-Témiscamingue,1,51247559,CENTRE MULTISERVICES DE SANTÉ ET DE SERVICES SOCIAUX DE LA SARRE,Abitibi-Témiscamingue,61.8,no,100.0,232
51228922,HÔPITAL DE ROUYN-NORANDA,Abitibi-Témiscamingue,2,51228906,HÔPITAL D'AMOS,Abitibi-Témiscamingue,75.5,no,100.0,232
51228922,HÔPITAL DE ROUYN-NORANDA,Abitibi-Témiscamingue,3,51225589,HÔPITAL DE VAL-D'OR,Abitibi-Témiscamingue,92.1,no,100.0,232
51228922,HÔPITAL DE ROUYN-NORANDA,Abitibi-Témiscamingue,4,51247542,CENTRE MULTISERVICES DE SANTÉ ET DE SERVICES SOCIAUX DE VILLE-MARIE,Abitibi-Témiscamingue,106.1,no,100.0,232
51228922,HÔPITAL DE ROUYN-NORANDA,Abitibi-Témiscamingue,5,51247476,CENTRE MULTISERVICES DE SANTÉ ET DE SERVICES SOCIAUX DE TÉMISCAMING-KIPAWA,Abitibi-Témiscamingue,168.9,no,100.0,232
51247476,CENTRE MULTISERVICES DE SANTÉ ET DE SERVICES SOCIAUX DE TÉMISCAMING-KIPAWA,Abitibi-Témiscamingue,1,51247542,CENTRE MULTISERVICES DE SANTÉ ET DE SERVICES SOCIAUX DE VILLE-MARIE,Abitibi-Témiscamingue,72.6,no,100.0,232
51247476,CENTRE MULTISERVICES DE SANTÉ ET DE SERVICES SOCIAUX DE TÉMISCAMING-KIPAWA,Abitibi-Témiscamingue,2,51228922,HÔPITAL DE ROUYN-NORANDA,Abitibi-Témiscamingue,168.9,no,100.0,232
51247476,CENTRE MULTISERVICES DE SANTÉ ET DE SERVICES SOCIAUX DE TÉMISCAMING-KIPAWA,Abitibi-Témiscamingue,3,51225589,HÔPITAL DE VAL-D'OR,Abitibi-Témiscamingue,181.0,no,100.0,232
51247476,CENTRE MULTISERVICES DE SANTÉ ET DE SERVICES SOCIAUX DE TÉMISCAMING-KIPAWA,Abitibi-Témiscamingue,4,51245058,CENTRE MULTISERVICES DE SANTÉ ET DE SERVICES SOCIAUX DE MANSFIELD-ET-PONTEFRACT,Outaouais,206.3,yes,100.0,232
51247476,CENTRE MULTISERVICES DE SANTÉ ET DE SERVICES SOCIAUX DE TÉMISCAMING-KIPAWA,Abitibi-Témiscamingue,5,51228906,HÔPITAL D'AMOS,Abitibi-Témiscamingue,218.0,no,100.0,232
51247542,CENTRE MULTISERVICES DE SANTÉ ET DE SERVICES SOCIAUX DE VILLE-MARIE,Abitibi-Témiscamingue,1,51247476,CENTRE MULTISERVICES DE SANTÉ ET DE SERVICES SOCIAUX DE TÉMISCAMING-KIPAWA,Abitibi-Témiscamingue,72.6,no,100.0,232
51247542,CENTRE MULTISERVICES DE SANTÉ ET DE SERVICES SOCIAUX DE VILLE-MARIE,Abitibi-Témiscamingue,2,51228922,HÔPITAL DE ROUYN-NORANDA,Abitibi-Témiscamingue,106.1,no,100.0,232
51247542,CENTRE MULTISERVICES DE SANTÉ ET DE SERVICES SOCIAUX DE VILLE-MARIE,Abitibi-Témiscamingue,3,51225589,HÔPITAL DE VAL-D'OR,Abitibi-Témiscamingue,149.6,no,100.0,232
51247542,CENTRE MULTISERVICES DE SANTÉ ET DE SERVICES SOCIAUX DE VILLE-MARIE,Abitibi-Témiscamingue,4,51247559,CENTRE MULTISERVICES DE SANTÉ ET DE SERVICES SOCIAUX DE LA SARRE,Abitibi-Témiscamingue,162.7,no,100.0,232
51247542,CENTRE MULTISERVICES DE SANTÉ ET DE SERVICES SOCIAUX DE VILLE-MARIE,Abitibi-Témiscamingue,5,51228906,HÔPITAL D'AMOS,Abitibi-Témiscamingue,169.4,no,100.0,232
51247559,CENTRE MULTISERVICES DE SANTÉ ET DE SERVICES SOCIAUX DE LA SARRE,Abitibi-Témiscamingue,1,51228922,HÔPITAL DE ROUYN-NORANDA,Abitibi-Témiscamingue,61.8,no,100.0,232
51247559,CENTRE MULTISERVICES DE SANTÉ ET DE SERVICES SOCIAUX DE LA SARRE,Abitibi-Témiscamingue,2,51228906,HÔPITAL D'AMOS,Abitibi-Témiscamingue,82.2,no,100.0,232
51247559,CENTRE MULTISERVICES DE SANTÉ ET DE SERVICES SOCIAUX DE LA SARRE,Abitibi-Témiscamingue,3,51225589,HÔPITAL DE VAL-D'OR,Abitibi-Témiscamingue,128.8,no,100.0,232
51247559,CENTRE MULTISERVICES DE SANTÉ ET DE SERVICES SOCIAUX DE LA SARRE,Abitibi-Témiscamingue,4,51218535,CENTRE DE SANTÉ ISLE-DIEU,Nord-du-Québec,156.9,yes,100.0,232
51247559,CENTRE MULTISERVICES DE SANTÉ ET DE SERVICES SOCIAUX DE LA SARRE,Abitibi-Témiscamingue,5,51247542,CENTRE MULTISERVICES DE SANTÉ ET DE SERVICES SOCIAUX DE VILLE-MARIE,Abitibi-Témiscamingue,162.7,no,100.0,232
51218733,CENTRE MULTISERVICES DE SANTÉ ET DE SERVICES SOCIAUX DES ESCOUMINS,Côte-Nord,1,51236156,CENTRE MULTISERVICES DE SANTÉ ET DE SERVICES SOCIAUX DE TROIS-PISTOLES,Bas-Saint-Laurent,30.5,yes,99.6,231
51218733,CENTRE MULTISERVICES DE SANTÉ ET DE SERVICES SOCIAUX DES ESCOUMINS,Côte-Nord,2,51218741,CENTRE MULTISERVICES DE SANTÉ ET DE SERVICES SOCIAUX DE FORESTVILLE,Côte-Nord,49.3,no,100.0,232
51218733,CENTRE MULTISERVICES DE SANTÉ ET DE SERVICES SOCIAUX DES ESCOUMINS,Côte-Nord,3,51218352,CENTRE HOSPITALIER RÉGIONAL DU GRAND-PORTAGE,Bas-Saint-Laurent,60.1,yes,100.0,232
51218733,CENTRE MULTISERVICES DE SANTÉ ET DE SERVICES SOCIAUX DES ESCOUMINS,Côte-Nord,4,51227882,HÔPITAL RÉGIONAL DE RIMOUSKI,Bas-Saint-Laurent,65.6,yes,100.0,232
51218733,CENTRE MULTISERVICES DE SANTÉ ET DE SERVICES SOCIAUX DES ESCOUMINS,Côte-Nord,5,51221877,HÔPITAL DE NOTRE-DAME-DU-LAC,Bas-Saint-Laurent,93.9,yes,100.0,232
51218741,CENTRE MULTISERVICES DE SANTÉ ET DE SERVICES SOCIAUX DE FORESTVILLE,Côte-Nord,1,51218733,CENTRE MULTISERVICES DE SANTÉ ET DE SERVICES SOCIAUX DES ESCOUMINS,Côte-Nord,49.3,no,100.0,232
51218741,CENTRE MULTISERVICES DE SANTÉ ET DE SERVICES SOCIAUX DE FORESTVILLE,Côte-Nord,2,51227882,HÔPITAL RÉGIONAL DE RIMOUSKI,Bas-Saint-Laurent,51.4,yes,100.0,232
51218741,CENTRE MULTISERVICES DE SANTÉ ET DE SERVICES SOCIAUX DE FORESTVILLE,Côte-Nord,3,51236156,CENTRE MULTISERVICES DE SANTÉ ET DE SERVICES SOCIAUX DE TROIS-PISTOLES,Bas-Saint-Laurent,67.5,yes,99.6,231
51218741,CENTRE MULTISERVICES DE SANTÉ ET DE SERVICES SOCIAUX DE FORESTVILLE,Côte-Nord,4,51228765,CLSC ET HÔPITAL LE ROYER,Côte-Nord,78.3,no,100.0,232
51218741,CENTRE MULTISERVICES DE SANTÉ ET DE SERVICES SOCIAUX DE FORESTVILLE,Côte-Nord,5,51218352,CENTRE HOSPITALIER RÉGIONAL DU GRAND-PORTAGE,Bas-Saint-Laurent,107.8,yes,100.0,232
51228765,CLSC ET HÔPITAL LE ROYER,Côte-Nord,1,51218980,HÔPITAL DE MATANE,Bas-Saint-Laurent,65.6,yes,100.0,232
51228765,CLSC ET HÔPITAL LE ROYER,Côte-Nord,2,51218741,CENTRE MULTISERVICES DE SANTÉ ET DE SERVICES SOCIAUX DE FORESTVILLE,Côte-Nord,78.3,no,100.0,232
51228765,CLSC ET HÔPITAL LE ROYER,Côte-Nord,3,51227882,HÔPITAL RÉGIONAL DE RIMOUSKI,Bas-Saint-Laurent,85.1,yes,100.0,232
51228765,CLSC ET HÔPITAL LE ROYER,Côte-Nord,4,51226892,HÔPITAL D'AMQUI,Bas-Saint-Laurent,100.8,yes,100.0,232
51228765,CLSC ET HÔPITAL LE ROYER,Côte-Nord,5,51218733,CENTRE MULTISERVICES DE SANTÉ ET DE SERVICES SOCIAUX DES ESCOUMINS,Côte-Nord,125.9,no,100.0,232
51232023,HÔPITAL ET CLSC DE SEPT-ÎLES,Côte-Nord,1,51245132,CENTRE MULTISERVICES DE SANTÉ ET DE SERVICES SOCIAUX DE PORT-CARTIER,Côte-Nord,41.8,no,100.0,232
51232023,HÔPITAL ET CLSC DE SEPT-ÎLES,Côte-Nord,2,51247799,HÔPITAL ET CLSC DE SAINTE-ANNE-DES-MONTS,Gaspésie-Îles-de-la-Madeleine,121.5,yes,100.0,232
51232023,HÔPITAL ET CLSC DE SEPT-ÎLES,Côte-Nord,3,51247732,CENTRE MULTISERVICES DE SANTÉ ET DE SERVICES SOCIAUX DE GRANDE-VALLÉE,Gaspésie-Îles-de-la-Madeleine,142.8,yes,100.0,232
51232023,HÔPITAL ET CLSC DE SEPT-ÎLES,Côte-Nord,4,51221307,CLSC ET CENTRE DE SERVICES AMBULATOIRES DE MURDOCHVILLE,Gaspésie-Îles-de-la-Madeleine,152.9,yes,100.0,232
51232023,HÔPITAL ET CLSC DE SEPT-ÎLES,Côte-Nord,5,51218980,HÔPITAL DE MATANE,Bas-Saint-Laurent,172.8,yes,100.0,232
51245108,CENTRE MULTISERVICES DE SANTÉ ET DE SERVICES SOCIAUX DE FERMONT,Côte-Nord,1,51232023,HÔPITAL ET CLSC DE SEPT-ÎLES,Côte-Nord,291.8,no,100.0,232
51245108,CENTRE MULTISERVICES DE SANTÉ ET DE SERVICES SOCIAUX DE FERMONT,Côte-Nord,2,51245132,CENTRE MULTISERVICES DE SANTÉ ET DE SERVICES SOCIAUX DE PORT-CARTIER,Côte-Nord,308.6,no,100.0,232
51245108,CENTRE MULTISERVICES DE SANTÉ ET DE SERVICES SOCIAUX DE FERMONT,Côte-Nord,3,51245116,CENTRE MULTISERVICES DE SANTÉ ET DE SERVICES SOCIAUX DE LA MINGANIE,Côte-Nord,372.9,no,100.0,232
51245108,CENTRE MULTISERVICES DE SANTÉ ET DE SERVICES SOCIAUX DE FERMONT,Côte-Nord,4,51228765,CLSC ET HÔPITAL LE ROYER,Côte-Nord,409.2,no,100.0,232
51245108,CENTRE MULTISERVICES DE SANTÉ ET DE SERVICES SOCIAUX DE FERMONT,Côte-Nord,5,51247799,HÔPITAL ET CLSC DE SAINTE-ANNE-DES-MONTS,Gaspésie-Îles-de-la-Madeleine,411.2,yes,100.0,232
51245116,CENTRE MULTISERVICES DE SANTÉ ET DE SERVICES SOCIAUX DE LA MINGANIE,Côte-Nord,1,51247732,CENTRE MULTISERVICES DE SANTÉ ET DE SERVICES SOCIAUX DE GRANDE-VALLÉE,Gaspésie-Îles-de-la-Madeleine,155.7,yes,100.0,232
51245116,CENTRE MULTISERVICES DE SANTÉ ET DE SERVICES SOCIAUX DE LA MINGANIE,Côte-Nord,2,51220903,HÔPITAL DE GASPÉ,Gaspésie-Îles-de-la-Madeleine,171.0,yes,100.0,232
51245116,CENTRE MULTISERVICES DE SANTÉ ET DE SERVICES SOCIAUX DE LA MINGANIE,Côte-Nord,3,51221307,CLSC ET CENTRE DE SERVICES AMBULATOIRES DE MURDOCHVILLE,Gaspésie-Îles-de-la-Madeleine,196.6,yes,100.0,232
51245116,CENTRE MULTISERVICES DE SANTÉ ET DE SERVICES SOCIAUX DE LA MINGANIE,Côte-Nord,4,51232023,HÔPITAL ET CLSC DE SEPT-ÎLES,Côte-Nord,197.7,no,100.0,232
51245116,CENTRE MULTISERVICES DE SANTÉ ET DE SERVICES SOCIAUX DE LA MINGANIE,Côte-Nord,5,51227775,HÔPITAL DE CHANDLER,Gaspésie-Îles-de-la-Madeleine,223.2,yes,100.0,232
51245132,CENTRE MULTISERVICES DE SANTÉ ET DE SERVICES SOCIAUX DE PORT-CARTIER,Côte-Nord,1,51232023,HÔPITAL ET CLSC DE SEPT-ÎLES,Côte-Nord,41.8,no,100.0,232
51245132,CENTRE MULTISERVICES DE SANTÉ ET DE SERVICES SOCIAUX DE PORT-CARTIER,Côte-Nord,2,51247799,HÔPITAL ET CLSC DE SAINTE-ANNE-DES-MONTS,Gaspésie-Îles-de-la-Madeleine,104.9,yes,100.0,232
51245132,CENTRE MULTISERVICES DE SANTÉ ET DE SERVICES SOCIAUX DE PORT-CARTIER,Côte-Nord,3,51228765,CLSC ET HÔPITAL LE ROYER,Côte-Nord,134.8,no,100.0,232
51245132,CENTRE MULTISERVICES DE SANTÉ ET DE SERVICES SOCIAUX DE PORT-CARTIER,Côte-Nord,4,51218980,HÔPITAL DE MATANE,Bas-Saint-Laurent,138.9,yes,100.0,232
51245132,CENTRE MULTISERVICES DE SANTÉ ET DE SERVICES SOCIAUX DE PORT-CARTIER,Côte-Nord,5,51221307,CLSC ET CENTRE DE SERVICES AMBULATOIRES DE MURDOCHVILLE,Gaspésie-Îles-de-la-Madeleine,155.5,yes,100.0,232
51245140,CENTRE MULTISERVICES DE SANTÉ ET DE SERVICES SOCIAUX DE LA BASSE-CÔTE-NORD,Côte-Nord,1,51245116,CENTRE MULTISERVICES DE SANTÉ ET DE SERVICES SOCIAUX DE LA MINGANIE,Côte-Nord,468.0,no,100.0,232
51245140,CENTRE MULTISERVICES DE SANTÉ ET DE SERVICES SOCIAUX DE LA BASSE-CÔTE-NORD,Côte-Nord,2,51227783,HÔPITAL DE L'ARCHIPEL,Gaspésie-Îles-de-la-Madeleine,561.4,yes,100.0,232
51245140,CENTRE MULTISERVICES DE SANTÉ ET DE SERVICES SOCIAUX DE LA BASSE-CÔTE-NORD,Côte-Nord,3,51220903,HÔPITAL DE GASPÉ,Gaspésie-Îles-de-la-Madeleine,594.6,yes,100.0,232
51245140,CENTRE MULTISERVICES DE SANTÉ ET DE SERVICES SOCIAUX DE LA BASSE-CÔTE-NORD,Côte-Nord,4,51247732,CENTRE MULTISERVICES DE SANTÉ ET DE SERVICES SOCIAUX DE GRANDE-VALLÉE,Gaspésie-Îles-de-la-Madeleine,610.9,yes,100.0,232
51245140,CENTRE MULTISERVICES DE SANTÉ ET DE SERVICES SOCIAUX DE LA BASSE-CÔTE-NORD,Côte-Nord,5,51227775,HÔPITAL DE CHANDLER,Gaspésie-Îles-de-la-Madeleine,633.5,yes,100.0,232
51218501,CENTRE DE SANTÉ DE CHIBOUGAMAU,Nord-du-Québec,1,51218519,CENTRE DE SANTÉ RENÉ-RICARD,Nord-du-Québec,39.2,no,100.0,232
51218501,CENTRE DE SANTÉ DE CHIBOUGAMAU,Nord-du-Québec,2,51219384,HÔPITAL DE DOLBEAU-MISTASSINI,Saguenay-Lac-Saint-Jean,190.9,yes,100.0,232
51218501,CENTRE DE SANTÉ DE CHIBOUGAMAU,Nord-du-Québec,3,51218527,CENTRE DE SANTÉ LEBEL,Nord-du-Québec,212.9,no,100.0,232
51218501,CENTRE DE SANTÉ DE CHIBOUGAMAU,Nord-du-Québec,4,51228203,HÔPITAL ET CENTRE D'HÉBERGEMENT DE ROBERVAL,Saguenay-Lac-Saint-Jean,220.1,yes,100.0,232
51218501,CENTRE DE SANTÉ DE CHIBOUGAMAU,Nord-du-Québec,5,51218535,CENTRE DE SANTÉ ISLE-DIEU,Nord-du-Québec,235.8,no,100.0,232
51218519,CENTRE DE SANTÉ RENÉ-RICARD,Nord-du-Québec,1,51218501,CENTRE DE SANTÉ DE CHIBOUGAMAU,Nord-du-Québec,39.2,no,100.0,232
51218519,CENTRE DE SANTÉ RENÉ-RICARD,Nord-du-Québec,2,51218527,CENTRE DE SANTÉ LEBEL,Nord-du-Québec,173.8,no,100.0,232
51218519,CENTRE DE SANTÉ RENÉ-RICARD,Nord-du-Québec,3,51218535,CENTRE DE SANTÉ ISLE-DIEU,Nord-du-Québec,199.2,no,100.0,232
51218519,CENTRE DE SANTÉ RENÉ-RICARD,Nord-du-Québec,4,51219384,HÔPITAL DE DOLBEAU-MISTASSINI,Saguenay-Lac-Saint-Jean,214.0,yes,100.0,232
51218519,CENTRE DE SANTÉ RENÉ-RICARD,Nord-du-Québec,5,51228203,HÔPITAL ET CENTRE D'HÉBERGEMENT DE ROBERVAL,Saguenay-Lac-Saint-Jean,238.3,yes,100.0,232
51218527,CENTRE DE SANTÉ LEBEL,Nord-du-Québec,1,51218535,CENTRE DE SANTÉ ISLE-DIEU,Nord-du-Québec,90.8,no,100.0,232
51218527,CENTRE DE SANTÉ LEBEL,Nord-du-Québec,2,51228906,HÔPITAL D'AMOS,Abitibi-Témiscamingue,99.3,yes,100.0,232
51218527,CENTRE DE SANTÉ LEBEL,Nord-du-Québec,3,51225589,HÔPITAL DE VAL-D'OR,Abitibi-Témiscamingue,122.4,yes,100.0,232
51218527,CENTRE DE SANTÉ LEBEL,Nord-du-Québec,4,51247559,CENTRE MULTISERVICES DE SANTÉ ET DE SERVICES SOCIAUX DE LA SARRE,Abitibi-Témiscamingue,164.6,yes,100.0,232
51218527,CENTRE DE SANTÉ LEBEL,Nord-du-Québec,5,51218519,CENTRE DE SANTÉ RENÉ-RICARD,Nord-du-Québec,173.8,no,100.0,232
51218535,CENTRE DE SANTÉ ISLE-DIEU,Nord-du-Québec,1,51218527,CENTRE DE SANTÉ LEBEL,Nord-du-Québec,90.8,no,100.0,232
51218535,CENTRE DE SANTÉ ISLE-DIEU,Nord-du-Québec,2,51228906,HÔPITAL D'AMOS,Abitibi-Témiscamingue,136.3,yes,100.0,232
51218535,CENTRE DE SANTÉ ISLE-DIEU,Nord-du-Québec,3,51247559,CENTRE MULTISERVICES DE SANTÉ ET DE SERVICES SOCIAUX DE LA SARRE,Abitibi-Témiscamingue,156.9,yes,100.0,232
51218535,CENTRE DE SANTÉ ISLE-DIEU,Nord-du-Québec,4,51225589,HÔPITAL DE VAL-D'OR,Abitibi-Témiscamingue,185.1,yes,100.0,232
51218535,CENTRE DE SANTÉ ISLE-DIEU,Nord-du-Québec,5,51228922,HÔPITAL DE ROUYN-NORANDA,Abitibi-Témiscamingue,196.5,yes,100.0,232
51218543,CENTRE DE SANTÉ DE RADISSON,Nord-du-Québec,1,51218535,CENTRE DE SANTÉ ISLE-DIEU,Nord-du-Québec,448.7,no,100.0,232
51218543,CENTRE DE SANTÉ DE RADISSON,Nord-du-Québec,2,51218519,CENTRE DE SANTÉ RENÉ-RICARD,Nord-du-Québec,484.8,no,100.0,232
51218543,CENTRE DE SANTÉ DE RADISSON,Nord-du-Québec,3,51218501,CENTRE DE SANTÉ DE CHIBOUGAMAU,Nord-du-Québec,485.9,no,100.0,232
51218543,CENTRE DE SANTÉ DE RADISSON,Nord-du-Québec,4,51218527,CENTRE DE SANTÉ LEBEL,Nord-du-Québec,528.4,no,100.0,232
51218543,CENTRE DE SANTÉ DE RADISSON,Nord-du-Québec,5,51247559,CENTRE MULTISERVICES DE SANTÉ ET DE SERVICES SOCIAUX DE LA SARRE,Abitibi-Témiscamingue,567.3,yes,100.0,232
51220903,HÔPITAL DE GASPÉ,Gaspésie-Îles-de-la-Madeleine,1,51227775,HÔPITAL DE CHANDLER,Gaspésie-Îles-de-la-Madeleine,52.5,no,100.0,232
51220903,HÔPITAL DE GASPÉ,Gaspésie-Îles-de-la-Madeleine,2,51247732,CENTRE MULTISERVICES DE SANTÉ ET DE SERVICES SOCIAUX DE GRANDE-VALLÉE,Gaspésie-Îles-de-la-Madeleine,63.9,no,100.0,232
51220903,HÔPITAL DE GASPÉ,Gaspésie-Îles-de-la-Madeleine,3,51221307,CLSC ET CENTRE DE SERVICES AMBULATOIRES DE MURDOCHVILLE,Gaspésie-Îles-de-la-Madeleine,74.7,no,100.0,232
51220903,HÔPITAL DE GASPÉ,Gaspésie-Îles-de-la-Madeleine,4,51220978,CLSC ET CENTRE DE SERVICES AMBULATOIRES DE PASPÉBIAC,Gaspésie-Îles-de-la-Madeleine,105.5,no,100.0,232
51220903,HÔPITAL DE GASPÉ,Gaspésie-Îles-de-la-Madeleine,5,51227908,HÔPITAL ET GROUPE DE MÉDECINE DE FAMILLE UNIVERSITAIRE DE MARIA,Gaspésie-Îles-de-la-Madeleine,131.5,no,100.0,232
51220978,CLSC ET CENTRE DE SERVICES AMBULATOIRES DE PASPÉBIAC,Gaspésie-Îles-de-la-Madeleine,1,51227908,HÔPITAL ET GROUPE DE MÉDECINE DE FAMILLE UNIVERSITAIRE DE MARIA,Gaspésie-Îles-de-la-Madeleine,55.0,no,100.0,232
51220978,CLSC ET CENTRE DE SERVICES AMBULATOIRES DE PASPÉBIAC,Gaspésie-Îles-de-la-Madeleine,2,51227775,HÔPITAL DE CHANDLER,Gaspésie-Îles-de-la-Madeleine,58.7,no,100.0,232
51220978,CLSC ET CENTRE DE SERVICES AMBULATOIRES DE PASPÉBIAC,Gaspésie-Îles-de-la-Madeleine,3,51220903,HÔPITAL DE GASPÉ,Gaspésie-Îles-de-la-Madeleine,105.5,no,100.0,232
51220978,CLSC ET CENTRE DE SERVICES AMBULATOIRES DE PASPÉBIAC,Gaspésie-Îles-de-la-Madeleine,4,51221307,CLSC ET CENTRE DE SERVICES AMBULATOIRES DE MURDOCHVILLE,Gaspésie-Îles-de-la-Madeleine,105.6,no,100.0,232
51220978,CLSC ET CENTRE DE SERVICES AMBULATOIRES DE PASPÉBIAC,Gaspésie-Îles-de-la-Madeleine,5,51247732,CENTRE MULTISERVICES DE SANTÉ ET DE SERVICES SOCIAUX DE GRANDE-VALLÉE,Gaspésie-Îles-de-la-Madeleine,134.7,no,100.0,232
51221307,CLSC ET CENTRE DE SERVICES AMBULATOIRES DE MURDOCHVILLE,Gaspésie-Îles-de-la-Madeleine,1,51247732,CENTRE MULTISERVICES DE SANTÉ ET DE SERVICES SOCIAUX DE GRANDE-VALLÉE,Gaspésie-Îles-de-la-Madeleine,40.9,no,100.0,232
51221307,CLSC ET CENTRE DE SERVICES AMBULATOIRES DE MURDOCHVILLE,Gaspésie-Îles-de-la-Madeleine,2,51247799,HÔPITAL ET CLSC DE SAINTE-ANNE-DES-MONTS,Gaspésie-Îles-de-la-Madeleine,74.2,no,100.0,232
51221307,CLSC ET CENTRE DE SERVICES AMBULATOIRES DE MURDOCHVILLE,Gaspésie-Îles-de-la-Madeleine,3,51220903,HÔPITAL DE GASPÉ,Gaspésie-Îles-de-la-Madeleine,74.7,no,100.0,232
51221307,CLSC ET CENTRE DE SERVICES AMBULATOIRES DE MURDOCHVILLE,Gaspésie-Îles-de-la-Madeleine,4,51227775,HÔPITAL DE CHANDLER,Gaspésie-Îles-de-la-Madeleine,90.5,no,100.0,232
51221307,CLSC ET CENTRE DE SERVICES AMBULATOIRES DE MURDOCHVILLE,Gaspésie-Îles-de-la-Madeleine,5,51227908,HÔPITAL ET GROUPE DE MÉDECINE DE FAMILLE UNIVERSITAIRE DE MARIA,Gaspésie-Îles-de-la-Madeleine,95.5,no,100.0,232
51227775,HÔPITAL DE CHANDLER,Gaspésie-Îles-de-la-Madeleine,1,51220903,HÔPITAL DE GASPÉ,Gaspésie-Îles-de-la-Madeleine,52.5,no,100.0,232
51227775,HÔPITAL DE CHANDLER,Gaspésie-Îles-de-la-Madeleine,2,51220978,CLSC ET CENTRE DE SERVICES AMBULATOIRES DE PASPÉBIAC,Gaspésie-Îles-de-la-Madeleine,58.7,no,100.0,232
51227775,HÔPITAL DE CHANDLER,Gaspésie-Îles-de-la-Madeleine,3,51221307,CLSC ET CENTRE DE SERVICES AMBULATOIRES DE MURDOCHVILLE,Gaspésie-Îles-de-la-Madeleine,90.5,no,100.0,232
51227775,HÔPITAL DE CHANDLER,Gaspésie-Îles-de-la-Madeleine,4,51227908,HÔPITAL ET GROUPE DE MÉDECINE DE FAMILLE UNIVERSITAIRE DE MARIA,Gaspésie-Îles-de-la-Madeleine,100.0,no,100.0,232
51227775,HÔPITAL DE CHANDLER,Gaspésie-Îles-de-la-Madeleine,5,51247732,CENTRE MULTISERVICES DE SANTÉ ET DE SERVICES SOCIAUX DE GRANDE-VALLÉE,Gaspésie-Îles-de-la-Madeleine,102.1,no,100.0,232
51227783,HÔPITAL DE L'ARCHIPEL,Gaspésie-Îles-de-la-Madeleine,1,51227775,HÔPITAL DE CHANDLER,Gaspésie-Îles-de-la-Madeleine,235.7,no,100.0,232
51227783,HÔPITAL DE L'ARCHIPEL,Gaspésie-Îles-de-la-Madeleine,2,51220903,HÔPITAL DE GASPÉ,Gaspésie-Îles-de-la-Madeleine,252.2,no,100.0,232
51227783,HÔPITAL DE L'ARCHIPEL,Gaspésie-Îles-de-la-Madeleine,3,51220978,CLSC ET CENTRE DE SERVICES AMBULATOIRES DE PASPÉBIAC,Gaspésie-Îles-de-la-Madeleine,265.7,no,100.0,232
51227783,HÔPITAL DE L'ARCHIPEL,Gaspésie-Îles-de-la-Madeleine,4,51247732,CENTRE MULTISERVICES DE SANTÉ ET DE SERVICES SOCIAUX DE GRANDE-VALLÉE,Gaspésie-Îles-de-la-Madeleine,315.7,no,100.0,232
51227783,HÔPITAL DE L'ARCHIPEL,Gaspésie-Îles-de-la-Madeleine,5,51227908,HÔPITAL ET GROUPE DE MÉDECINE DE FAMILLE UNIVERSITAIRE DE MARIA,Gaspésie-Îles-de-la-Madeleine,320.6,no,100.0,232
51227908,HÔPITAL ET GROUPE DE MÉDECINE DE FAMILLE UNIVERSITAIRE DE MARIA,Gaspésie-Îles-de-la-Madeleine,1,51220978,CLSC ET CENTRE DE SERVICES AMBULATOIRES DE PASPÉBIAC,Gaspésie-Îles-de-la-Madeleine,55.0,no,100.0,232
51227908,HÔPITAL ET GROUPE DE MÉDECINE DE FAMILLE UNIVERSITAIRE DE MARIA,Gaspésie-Îles-de-la-Madeleine,2,51221307,CLSC ET CENTRE DE SERVICES AMBULATOIRES DE MURDOCHVILLE,Gaspésie-Îles-de-la-Madeleine,95.5,no,100.0,232
51227908,HÔPITAL ET GROUPE DE MÉDECINE DE FAMILLE UNIVERSITAIRE DE MARIA,Gaspésie-Îles-de-la-Madeleine,3,51227775,HÔPITAL DE CHANDLER,Gaspésie-Îles-de-la-Madeleine,100.0,no,100.0,232
51227908,HÔPITAL ET GROUPE DE MÉDECINE DE FAMILLE UNIVERSITAIRE DE MARIA,Gaspésie-Îles-de-la-Madeleine,4,51226892,HÔPITAL D'AMQUI,Bas-Saint-Laurent,110.6,yes,100.0,232
51227908,HÔPITAL ET GROUPE DE MÉDECINE DE FAMILLE UNIVERSITAIRE DE MARIA,Gaspésie-Îles-de-la-Madeleine,5,51247799,HÔPITAL ET CLSC DE SAINTE-ANNE-DES-MONTS,Gaspésie-Îles-de-la-Madeleine,111.5,no,100.0,232
51247732,CENTRE MULTISERVICES DE SANTÉ ET DE SERVICES SOCIAUX DE GRANDE-VALLÉE,Gaspésie-Îles-de-la-Madeleine,1,51221307,CLSC ET CENTRE DE SERVICES AMBULATOIRES DE MURDOCHVILLE,Gaspésie-Îles-de-la-Madeleine,40.9,no,100.0,232
51247732,CENTRE MULTISERVICES DE SANTÉ ET DE SERVICES SOCIAUX DE GRANDE-VALLÉE,Gaspésie-Îles-de-la-Madeleine,2,51220903,HÔPITAL DE GASPÉ,Gaspésie-Îles-de-la-Madeleine,63.9,no,100.0,232
51247732,CENTRE MULTISERVICES DE SANTÉ ET DE SERVICES SOCIAUX DE GRANDE-VALLÉE,Gaspésie-Îles-de-la-Madeleine,3,51247799,HÔPITAL ET CLSC DE SAINTE-ANNE-DES-MONTS,Gaspésie-Îles-de-la-Madeleine,100.9,no,100.0,232
51247732,CENTRE MULTISERVICES DE SANTÉ ET DE SERVICES SOCIAUX DE GRANDE-VALLÉE,Gaspésie-Îles-de-la-Madeleine,4,51227775,HÔPITAL DE CHANDLER,Gaspésie-Îles-de-la-Madeleine,102.1,no,100.0,232
51247732,CENTRE MULTISERVICES DE SANTÉ ET DE SERVICES SOCIAUX DE GRANDE-VALLÉE,Gaspésie-Îles-de-la-Madeleine,5,51227908,HÔPITAL ET GROUPE DE MÉDECINE DE FAMILLE UNIVERSITAIRE DE MARIA,Gaspésie-Îles-de-la-Madeleine,134.5,no,100.0,232
51247799,HÔPITAL ET CLSC DE SAINTE-ANNE-DES-MONTS,Gaspésie-Îles-de-la-Madeleine,1,51221307,CLSC ET CENTRE DE SERVICES AMBULATOIRES DE MURDOCHVILLE,Gaspésie-Îles-de-la-Madeleine,74.2,no,100.0,232
51247799,HÔPITAL ET CLSC DE SAINTE-ANNE-DES-MONTS,Gaspésie-Îles-de-la-Madeleine,2,51218980,HÔPITAL DE MATANE,Bas-Saint-Laurent,81.9,yes,100.0,232
51247799,HÔPITAL ET CLSC DE SAINTE-ANNE-DES-MONTS,Gaspésie-Îles-de-la-Madeleine,3,51226892,HÔPITAL D'AMQUI,Bas-Saint-Laurent,99.7,yes,100.0,232
51247799,HÔPITAL ET CLSC DE SAINTE-ANNE-DES-MONTS,Gaspésie-Îles-de-la-Madeleine,4,51247732,CENTRE MULTISERVICES DE SANTÉ ET DE SERVICES SOCIAUX DE GRANDE-VALLÉE,Gaspésie-Îles-de-la-Madeleine,100.9,no,100.0,232
51247799,HÔPITAL ET CLSC DE SAINTE-ANNE-DES-MONTS,Gaspésie-Îles-de-la-Madeleine,5,51245132,CENTRE MULTISERVICES DE SANTÉ ET DE SERVICES SOCIAUX DE PORT-CARTIER,Côte-Nord,104.9,yes,100.0,232
51227569,HÔTEL-DIEU DE LÉVIS,Chaudière-Appalaches,1,51217586,L'HÔTEL-DIEU DE QUÉBEC,Capitale-Nationale,2.6,yes,100.0,232
51227569,HÔTEL-DIEU DE LÉVIS,Chaudière-Appalaches,2,51233914,HÔPITAL DE L'ENFANT-JÉSUS,Capitale-Nationale,4.4,yes,100.0,232
51227569,HÔTEL-DIEU DE LÉVIS,Chaudière-Appalaches,3,51217602,HÔPITAL SAINT-FRANÇOIS D'ASSISE,Capitale-Nationale,4.7,yes,100.0,232
51227569,HÔTEL-DIEU DE LÉVIS,Chaudière-Appalaches,4,51217529,HÔPITAL DU SAINT-SACREMENT,Capitale-Nationale,5.5,yes,100.0,232
51227569,HÔTEL-DIEU DE LÉVIS,Chaudière-Appalaches,5,51217594,CENTRE HOSPITALIER DE L'UNIVERSITÉ LAVAL,Capitale-Nationale,9.6,yes,100.0,232
51228971,HÔPITAL DE SAINT-GEORGES,Chaudière-Appalaches,1,51245231,HÔPITAL DE THETFORD,Chaudière-Appalaches,45.7,no,99.6,231
51228971,HÔPITAL DE SAINT-GEORGES,Chaudière-Appalaches,2,51223832,CENTRE MULTISERVICES DE SANTÉ ET DE SERVICES SOCIAUX DU GRANIT,Estrie,60.4,yes,100.0,232
51228971,HÔPITAL DE SAINT-GEORGES,Chaudière-Appalaches,3,51245199,CHSLD ET HÔPITAL PAUL-GILBERT,Chaudière-Appalaches,81.4,no,0.0,0
51228971,HÔPITAL DE SAINT-GEORGES,Chaudière-Appalaches,4,51217594,CENTRE HOSPITALIER DE L'UNIVERSITÉ LAVAL,Capitale-Nationale,86.3,yes,100.0,232
51228971,HÔPITAL DE SAINT-GEORGES,Chaudière-Appalaches,5,51227569,HÔTEL-DIEU DE LÉVIS,Chaudière-Appalaches,87.0,no,100.0,232
51245199,CHSLD ET HÔPITAL PAUL-GILBERT,Chaudière-Appalaches,1,51217594,CENTRE HOSPITALIER DE L'UNIVERSITÉ LAVAL,Capitale-Nationale,5.0,yes,100.0,232
51245199,CHSLD ET HÔPITAL PAUL-GILBERT,Chaudière-Appalaches,2,51232130,INSTITUT UNIVERSITAIRE DE CARDIOLOGIE ET DE PNEUMOLOGIE DE QUÉBEC,Capitale-Nationale,6.6,yes,100.0,232
51245199,CHSLD ET HÔPITAL PAUL-GILBERT,Chaudière-Appalaches,3,51217529,HÔPITAL DU SAINT-SACREMENT,Capitale-Nationale,8.3,yes,100.0,232
51245199,CHSLD ET HÔPITAL PAUL-GILBERT,Chaudière-Appalaches,4,51217586,L'HÔTEL-DIEU DE QUÉBEC,Capitale-Nationale,10.7,yes,100.0,232
51245199,CHSLD ET HÔPITAL PAUL-GILBERT,Chaudière-Appalaches,5,51217602,HÔPITAL SAINT-FRANÇOIS D'ASSISE,Capitale-Nationale,11.5,yes,100.0,232
51245223,HÔPITAL DE MONTMAGNY,Chaudière-Appalaches,1,51225357,CENTRE MULTISERVICES DE SANTÉ ET DE SERVICES SOCIAUX DE SAINTE-ANNE-DE-BEAUPRÉ,Capitale-Nationale,24.2,yes,100.0,232
51245223,HÔPITAL DE MONTMAGNY,Chaudière-Appalaches,2,51227569,HÔTEL-DIEU DE LÉVIS,Chaudière-Appalaches,47.6,no,100.0,232
51245223,HÔPITAL DE MONTMAGNY,Chaudière-Appalaches,3,51217586,L'HÔTEL-DIEU DE QUÉBEC,Capitale-Nationale,50.0,yes,100.0,232
51245223,HÔPITAL DE MONTMAGNY,Chaudière-Appalaches,4,51233914,HÔPITAL DE L'ENFANT-JÉSUS,Capitale-Nationale,50.2,yes,100.0,232
51245223,HÔPITAL DE MONTMAGNY,Chaudière-Appalaches,5,51217602,HÔPITAL SAINT-FRANÇOIS D'ASSISE,Capitale-Nationale,51.3,yes,100.0,232
51245231,HÔPITAL DE THETFORD,Chaudière-Appalaches,1,51228971,HÔPITAL DE SAINT-GEORGES,Chaudière-Appalaches,45.7,no,100.0,232
51245231,HÔPITAL DE THETFORD,Chaudière-Appalaches,2,51228039,HÔTEL-DIEU D'ARTHABASKA,Mauricie et Centre-du-Québec,49.7,yes,0.0,0
51245231,HÔPITAL DE THETFORD,Chaudière-Appalaches,3,51247583,CENTRE MULTISERVICES DE SANTÉ ET DE SERVICES SOCIAUX DES SOURCES,Estrie,62.6,yes,100.0,232
51245231,HÔPITAL DE THETFORD,Chaudière-Appalaches,4,51223832,CENTRE MULTISERVICES DE SANTÉ ET DE SERVICES SOCIAUX DU GRANIT,Estrie,64.7,yes,100.0,232
51245231,HÔPITAL DE THETFORD,Chaudière-Appalaches,5,51245199,CHSLD ET HÔPITAL PAUL-GILBERT,Chaudière-Appalaches,68.5,no,0.0,0
51228757,HÔPITAL DE LA CITÉ-DE-LA-SANTÉ,Laval,1,51228492,HÔPITAL FLEURY,Montréal,5.9,yes,0.0,0
51228757,HÔPITAL DE LA CITÉ-DE-LA-SANTÉ,Laval,2,12475976,HÔPITAL DU SACRÉ-COEUR-DE-MONTRÉAL,Montréal,7.9,yes,0.0,0
51228757,HÔPITAL DE LA CITÉ-DE-LA-SANTÉ,Laval,3,51848752,HÔPITAL EN SANTÉ MENTALE ALBERT-PRÉVOST,Montréal,8.4,yes,0.0,0
51228757,HÔPITAL DE LA CITÉ-DE-LA-SANTÉ,Laval,4,51228500,HÔPITAL JEAN-TALON,Montréal,10.1,yes,0.0,0
51228757,HÔPITAL DE LA CITÉ-DE-LA-SANTÉ,Laval,5,51248201,INSTITUT DE CARDIOLOGIE DE MONTRÉAL,Montréal,10.9,yes,100.0,232
51228062,HÔPITAL PIERRE-LE GARDEUR,Lanaudière,1,51235307,INSTITUT UNIVERSITAIRE EN SANTÉ MENTALE DE MONTRÉAL,Montréal,15.1,yes,100.0,232
51228062,HÔPITAL PIERRE-LE GARDEUR,Lanaudière,2,51235919,HÔPITAL SANTA CABRINI,Montréal,16.7,yes,99.6,231
51228062,HÔPITAL PIERRE-LE GARDEUR,Lanaudière,3,12934659,HÔPITAL MAISONNEUVE-ROSEMONT,Montréal,17.1,yes,99.6,231
51228062,HÔPITAL PIERRE-LE GARDEUR,Lanaudière,4,51248201,INSTITUT DE CARDIOLOGIE DE MONTRÉAL,Montréal,17.5,yes,100.0,232
51228062,HÔPITAL PIERRE-LE GARDEUR,Lanaudière,5,51228492,HÔPITAL FLEURY,Montréal,20.1,yes,0.0,0
51244945,HÔPITAL DE LANAUDIÈRE ET CENTRE D'HÉBERGEMENT PARPHILIA-FERLAND,Lanaudière,1,51229102,HÔTEL-DIEU DE SOREL,Montérégie,27.9,yes,100.0,232
51244945,HÔPITAL DE LANAUDIÈRE ET CENTRE D'HÉBERGEMENT PARPHILIA-FERLAND,Lanaudière,2,51228062,HÔPITAL PIERRE-LE GARDEUR,Lanaudière,35.3,no,98.7,229
51244945,HÔPITAL DE LANAUDIÈRE ET CENTRE D'HÉBERGEMENT PARPHILIA-FERLAND,Lanaudière,3,51233583,CENTRE MULTISERVICES DE SANTÉ ET DE SERVICES SOCIAUX AVELLIN-DALCOURT,Mauricie et Centre-du-Québec,47.2,yes,0.0,0
51244945,HÔPITAL DE LANAUDIÈRE ET CENTRE D'HÉBERGEMENT PARPHILIA-FERLAND,Lanaudière,4,51235307,INSTITUT UNIVERSITAIRE EN SANTÉ MENTALE DE MONTRÉAL,Montréal,50.4,yes,100.0,232
51244945,HÔPITAL DE LANAUDIÈRE ET CENTRE D'HÉBERGEMENT PARPHILIA-FERLAND,Lanaudière,5,51235919,HÔPITAL SANTA CABRINI,Montréal,51.8,yes,99.6,231
51217610,HÔPITAL DE MONT-LAURIER,Laurentides,1,51221893,HÔPITAL DE MANIWAKI,Outaouais,39.5,yes,100.0,232
51217610,HÔPITAL DE MONT-LAURIER,Laurentides,2,51217628,CENTRE MULTISERVICES DE SANTÉ ET DE SERVICES SOCIAUX DE RIVIÈRE-ROUGE,Laurentides,50.5,no,100.0,232
51217610,HÔPITAL DE MONT-LAURIER,Laurentides,3,51219491,CLSC ET CENTRE D'HÉBERGEMENT DE LA PETITE-NATION,Outaouais,98.5,yes,100.0,232
51217610,HÔPITAL DE MONT-LAURIER,Laurentides,4,51228799,HÔPITAL ET CHSLD MÉMORIAL DE WAKEFIELD / WAKEFIELD MEMORIAL HOSPITAL,Outaouais,105.1,yes,100.0,232
51217610,HÔPITAL DE MONT-LAURIER,Laurentides,5,51228823,HÔPITAL ET CHSLD DE PAPINEAU,Outaouais,107.1,yes,100.0,232
51217628,CENTRE MULTISERVICES DE SANTÉ ET DE SERVICES SOCIAUX DE RIVIÈRE-ROUGE,Laurentides,1,51217610,HÔPITAL DE MONT-LAURIER,Laurentides,50.5,no,100.0,232
51217628,CENTRE MULTISERVICES DE SANTÉ ET DE SERVICES SOCIAUX DE RIVIÈRE-ROUGE,Laurentides,2,51246874,CENTRE MULTISERVICES DE SANTÉ ET DE SERVICES SOCIAUX DE SAINTE-AGATHE,Laurentides,61.2,no,100.0,232
51217628,CENTRE MULTISERVICES DE SANTÉ ET DE SERVICES SOCIAUX DE RIVIÈRE-ROUGE,Laurentides,3,51219491,CLSC ET CENTRE D'HÉBERGEMENT DE LA PETITE-NATION,Outaouais,78.8,yes,100.0,232
51217628,CENTRE MULTISERVICES DE SANTÉ ET DE SERVICES SOCIAUX DE RIVIÈRE-ROUGE,Laurentides,4,51221893,HÔPITAL DE MANIWAKI,Outaouais,84.0,yes,100.0,232
51217628,CENTRE MULTISERVICES DE SANTÉ ET DE SERVICES SOCIAUX DE RIVIÈRE-ROUGE,Laurentides,5,51245306,CENTRE MULTISERVICES DE SANTÉ ET DE SERVICES SOCIAUX D'ARGENTEUIL,Laurentides,93.9,no,100.0,232
51228864,HÔPITAL DE SAINT-EUSTACHE,Laurentides,1,51228278,HÔPITAL GÉNÉRAL DU LAKESHORE,Montréal,15.0,yes,99.6,231
51228864,HÔPITAL DE SAINT-EUSTACHE,Laurentides,2,51848752,HÔPITAL EN SANTÉ MENTALE ALBERT-PRÉVOST,Montréal,15.1,yes,0.0,0
51228864,HÔPITAL DE SAINT-EUSTACHE,Laurentides,3,12475976,HÔPITAL DU SACRÉ-COEUR-DE-MONTRÉAL,Montréal,16.1,yes,0.0,0
51228864,HÔPITAL DE SAINT-EUSTACHE,Laurentides,4,51228757,HÔPITAL DE LA CITÉ-DE-LA-SANTÉ,Laval,16.2,yes,99.6,231
51228864,HÔPITAL DE SAINT-EUSTACHE,Laurentides,5,51228492,HÔPITAL FLEURY,Montréal,20.5,yes,0.0,0
51228880,HÔPITAL DE SAINT-JÉRÔME,Laurentides,1,51228864,HÔPITAL DE SAINT-EUSTACHE,Laurentides,22.6,no,100.0,232
51228880,HÔPITAL DE SAINT-JÉRÔME,Laurentides,2,51228757,HÔPITAL DE LA CITÉ-DE-LA-SANTÉ,Laval,28.8,yes,99.6,231
51228880,HÔPITAL DE SAINT-JÉRÔME,Laurentides,3,51245306,CENTRE MULTISERVICES DE SANTÉ ET DE SERVICES SOCIAUX D'ARGENTEUIL,Laurentides,29.7,no,100.0,232
51228880,HÔPITAL DE SAINT-JÉRÔME,Laurentides,4,51848752,HÔPITAL EN SANTÉ MENTALE ALBERT-PRÉVOST,Montréal,33.7,yes,0.0,0
51228880,HÔPITAL DE SAINT-JÉRÔME,Laurentides,5,12475976,HÔPITAL DU SACRÉ-COEUR-DE-MONTRÉAL,Montréal,34.1,yes,0.0,0
51245306,CENTRE MULTISERVICES DE SANTÉ ET DE SERVICES SOCIAUX D'ARGENTEUIL,Laurentides,1,51228880,HÔPITAL DE SAINT-JÉRÔME,Laurentides,29.7,no,100.0,232
51245306,CENTRE MULTISERVICES DE SANTÉ ET DE SERVICES SOCIAUX D'ARGENTEUIL,Laurentides,2,51228864,HÔPITAL DE SAINT-EUSTACHE,Laurentides,35.6,no,100.0,232
51245306,CENTRE MULTISERVICES DE SANTÉ ET DE SERVICES SOCIAUX D'ARGENTEUIL,Laurentides,3,51246874,CENTRE MULTISERVICES DE SANTÉ ET DE SERVICES SOCIAUX DE SAINTE-AGATHE,Laurentides,44.0,no,100.0,232
51245306,CENTRE MULTISERVICES DE SANTÉ ET DE SERVICES SOCIAUX D'ARGENTEUIL,Laurentides,4,51228278,HÔPITAL GÉNÉRAL DU LAKESHORE,Montréal,46.8,yes,99.6,231
51245306,CENTRE MULTISERVICES DE SANTÉ ET DE SERVICES SOCIAUX D'ARGENTEUIL,Laurentides,5,51229136,HÔPITAL DU SUROÎT,Montérégie,48.9,yes,100.0,232
51246874,CENTRE MULTISERVICES DE SANTÉ ET DE SERVICES SOCIAUX DE SAINTE-AGATHE,Laurentides,1,51228880,HÔPITAL DE SAINT-JÉRÔME,Laurentides,39.2,no,100.0,232
51246874,CENTRE MULTISERVICES DE SANTÉ ET DE SERVICES SOCIAUX DE SAINTE-AGATHE,Laurentides,2,51245306,CENTRE MULTISERVICES DE SANTÉ ET DE SERVICES SOCIAUX D'ARGENTEUIL,Laurentides,44.0,no,100.0,232
51246874,CENTRE MULTISERVICES DE SANTÉ ET DE SERVICES SOCIAUX DE SAINTE-AGATHE,Laurentides,3,51228864,HÔPITAL DE SAINT-EUSTACHE,Laurentides,61.2,no,100.0,232
51246874,CENTRE MULTISERVICES DE SANTÉ ET DE SERVICES SOCIAUX DE SAINTE-AGATHE,Laurentides,4,51217628,CENTRE MULTISERVICES DE SANTÉ ET DE SERVICES SOCIAUX DE RIVIÈRE-ROUGE,Laurentides,61.2,no,100.0,232
51246874,CENTRE MULTISERVICES DE SANTÉ ET DE SERVICES SOCIAUX DE SAINTE-AGATHE,Laurentides,5,51244945,HÔPITAL DE LANAUDIÈRE ET CENTRE D'HÉBERGEMENT PARPHILIA-FERLAND,Lanaudière,64.2,yes,100.0,232
51228005,HÔPITAL BARRIE MEMORIAL / BARRIE MEMORIAL HOSPITAL,Montérégie,1,51229136,HÔPITAL DU SUROÎT,Montérégie,17.2,no,100.0,232
51228005,HÔPITAL BARRIE MEMORIAL / BARRIE MEMORIAL HOSPITAL,Montérégie,2,51229151,HÔPITAL ANNA-LABERGE,Montérégie,30.6,no,98.3,228
51228005,HÔPITAL BARRIE MEMORIAL / BARRIE MEMORIAL HOSPITAL,Montérégie,3,51228278,HÔPITAL GÉNÉRAL DU LAKESHORE,Montréal,38.1,yes,99.6,231
51228005,HÔPITAL BARRIE MEMORIAL / BARRIE MEMORIAL HOSPITAL,Montérégie,4,51228310,HÔPITAL DE LACHINE,Montréal,43.1,yes,100.0,232
51228005,HÔPITAL BARRIE MEMORIAL / BARRIE MEMORIAL HOSPITAL,Montérégie,5,51224392,HÔPITAL DE LASALLE,Montréal,44.0,yes,100.0,232
51229011,HÔPITAL PIERRE-BOUCHER,Montérégie,1,51233799,HÔPITAL CHARLES-LE MOYNE,Montérégie,5.0,no,98.7,229
51229011,HÔPITAL PIERRE-BOUCHER,Montérégie,2,51235307,INSTITUT UNIVERSITAIRE EN SANTÉ MENTALE DE MONTRÉAL,Montréal,7.8,yes,100.0,232
51229011,HÔPITAL PIERRE-BOUCHER,Montérégie,3,51236297,CENTRE HOSPITALIER DE L'UNIVERSITÉ DE MONTRÉAL,Montréal,8.1,yes,99.6,231
51229011,HÔPITAL PIERRE-BOUCHER,Montérégie,4,51236313,HÔPITAL NOTRE-DAME,Montréal,8.3,yes,99.6,231
51229011,HÔPITAL PIERRE-BOUCHER,Montérégie,5,12934659,HÔPITAL MAISONNEUVE-ROSEMONT,Montréal,8.7,yes,99.6,231
51229045,HÔPITAL DU HAUT-RICHELIEU,Montérégie,1,51233799,HÔPITAL CHARLES-LE MOYNE,Montérégie,24.9,no,98.7,229
51229045,HÔPITAL DU HAUT-RICHELIEU,Montérégie,2,51229011,HÔPITAL PIERRE-BOUCHER,Montérégie,27.2,no,100.0,232
51229045,HÔPITAL DU HAUT-RICHELIEU,Montérégie,3,51218097,HÔPITAL DE VERDUN,Montréal,27.2,yes,100.0,232
51229045,HÔPITAL DU HAUT-RICHELIEU,Montérégie,4,51235190,HÔPITAL DOUGLAS,Montréal,27.4,yes,100.0,232
51229045,HÔPITAL DU HAUT-RICHELIEU,Montérégie,5,51224392,HÔPITAL DE LASALLE,Montréal,29.3,yes,100.0,232
51229102,HÔTEL-DIEU DE SOREL,Montérégie,1,51233583,CENTRE MULTISERVICES DE SANTÉ ET DE SERVICES SOCIAUX AVELLIN-DALCOURT,Mauricie et Centre-du-Québec,26.5,yes,0.0,0
51229102,HÔTEL-DIEU DE SOREL,Montérégie,2,51244945,HÔPITAL DE LANAUDIÈRE ET CENTRE D'HÉBERGEMENT PARPHILIA-FERLAND,Lanaudière,27.9,yes,100.0,232
51229102,HÔTEL-DIEU DE SOREL,Montérégie,3,51246338,CENTRE MULTISERVICES DE SANTÉ ET DE SERVICES SOCIAUX CHRIST-ROI,Mauricie et Centre-du-Québec,41.6,yes,0.0,0
51229102,HÔTEL-DIEU DE SOREL,Montérégie,4,51229193,HÔPITAL HONORÉ-MERCIER,Montérégie,46.9,no,99.6,231
51229102,HÔTEL-DIEU DE SOREL,Montérégie,5,51228062,HÔPITAL PIERRE-LE GARDEUR,Lanaudière,48.1,yes,98.7,229
51229136,HÔPITAL DU SUROÎT,Montérégie,1,51228005,HÔPITAL BARRIE MEMORIAL / BARRIE MEMORIAL HOSPITAL,Montérégie,17.2,no,100.0,232
51229136,HÔPITAL DU SUROÎT,Montérégie,2,51229151,HÔPITAL ANNA-LABERGE,Montérégie,30.6,no,98.3,228
51229136,HÔPITAL DU SUROÎT,Montérégie,3,51228278,HÔPITAL GÉNÉRAL DU LAKESHORE,Montréal,32.0,yes,99.6,231
51229136,HÔPITAL DU SUROÎT,Montérégie,4,51228864,HÔPITAL DE SAINT-EUSTACHE,Laurentides,39.4,yes,100.0,232
51229136,HÔPITAL DU SUROÎT,Montérégie,5,51228310,HÔPITAL DE LACHINE,Montréal,41.3,yes,100.0,232
51229151,HÔPITAL ANNA-LABERGE,Montérégie,1,51228310,HÔPITAL DE LACHINE,Montréal,12.5,yes,100.0,232
51229151,HÔPITAL ANNA-LABERGE,Montérégie,2,51228278,HÔPITAL GÉNÉRAL DU LAKESHORE,Montréal,12.7,yes,99.6,231
51229151,HÔPITAL ANNA-LABERGE,Montérégie,3,51224392,HÔPITAL DE LASALLE,Montréal,13.8,yes,100.0,232
51229151,HÔPITAL ANNA-LABERGE,Montérégie,4,51235190,HÔPITAL DOUGLAS,Montréal,17.6,yes,100.0,232
51229151,HÔPITAL ANNA-LABERGE,Montérégie,5,51223279,L'HÔPITAL DE MONTRÉAL POUR ENFANTS,Montréal,18.9,yes,100.0,232
51229193,HÔPITAL HONORÉ-MERCIER,Montérégie,1,51228120,HÔPITAL DE GRANBY,Estrie,31.0,yes,100.0,232
51229193,HÔPITAL HONORÉ-MERCIER,Montérégie,2,51229011,HÔPITAL PIERRE-BOUCHER,Montérégie,40.3,no,100.0,232
51229193,HÔPITAL HONORÉ-MERCIER,Montérégie,3,51229045,HÔPITAL DU HAUT-RICHELIEU,Montérégie,41.4,no,100.0,232
51229193,HÔPITAL HONORÉ-MERCIER,Montérégie,4,51233799,HÔPITAL CHARLES-LE MOYNE,Montérégie,43.8,no,98.7,229
51229193,HÔPITAL HONORÉ-MERCIER,Montérégie,5,51228062,HÔPITAL PIERRE-LE GARDEUR,Lanaudière,43.9,yes,98.7,229
51233799,HÔPITAL CHARLES-LE MOYNE,Montérégie,1,51229011,HÔPITAL PIERRE-BOUCHER,Montérégie,5.0,no,100.0,232
51233799,HÔPITAL CHARLES-LE MOYNE,Montérégie,2,51236297,CENTRE HOSPITALIER DE L'UNIVERSITÉ DE MONTRÉAL,Montréal,5.7,yes,99.6,231
51233799,HÔPITAL CHARLES-LE MOYNE,Montérégie,3,51236313,HÔPITAL NOTRE-DAME,Montréal,6.8,yes,99.6,231
51233799,HÔPITAL CHARLES-LE MOYNE,Montérégie,4,51218097,HÔPITAL DE VERDUN,Montréal,7.1,yes,100.0,232
51233799,HÔPITAL CHARLES-LE MOYNE,Montérégie,5,51248219,HÔPITAL GÉNÉRAL DE MONTRÉAL,Montréal,8.0,yes,100.0,232
