region,facility_name,establishment,facility_id,percentage_step_points,derived_stretcher_count,distinct_values_published,min_published,max_published,hours_observed
Abitibi-Témiscamingue,CENTRE MULTISERVICES DE SANTÉ ET DE SERVICES SOCIAUX DE LA SARRE,SANTÉ QUÉBEC ABITIBI-TÉMISCAMINGUE,51247559,20,5,7,20,140,163
Abitibi-Témiscamingue,CENTRE MULTISERVICES DE SANTÉ ET DE SERVICES SOCIAUX DE VILLE-MARIE,SANTÉ QUÉBEC ABITIBI-TÉMISCAMINGUE,51247542,20,5,6,20,120,163
Abitibi-Témiscamingue,HÔPITAL D'AMOS,SANTÉ QUÉBEC ABITIBI-TÉMISCAMINGUE,51228906,14,7,14,14,214,163
Abitibi-Témiscamingue,HÔPITAL DE ROUYN-NORANDA,SANTÉ QUÉBEC ABITIBI-TÉMISCAMINGUE,51228922,12,8,9,25,125,163
Abitibi-Témiscamingue,HÔPITAL DE VAL-D'OR,SANTÉ QUÉBEC ABITIBI-TÉMISCAMINGUE,51225589,9,11,12,9,109,163
Bas-Saint-Laurent,CENTRE HOSPITALIER RÉGIONAL DU GRAND-PORTAGE,SANTÉ QUÉBEC BAS-SAINT-LAURENT,51218352,11,9,13,33,167,163
Bas-Saint-Laurent,CENTRE MULTISERVICES DE SANTÉ ET DE SERVICES SOCIAUX DE TROIS-PISTOLES,SANTÉ QUÉBEC BAS-SAINT-LAURENT,51236156,33,3,3,33,100,163
Bas-Saint-Laurent,HÔPITAL D'AMQUI,SANTÉ QUÉBEC BAS-SAINT-LAURENT,51226892,16,6,6,17,100,163
Bas-Saint-Laurent,HÔPITAL DE MATANE,SANTÉ QUÉBEC BAS-SAINT-LAURENT,51218980,14,7,7,14,100,163
Bas-Saint-Laurent,HÔPITAL DE NOTRE-DAME-DU-LAC,SANTÉ QUÉBEC BAS-SAINT-LAURENT,51221877,20,5,7,20,140,163
Bas-Saint-Laurent,HÔPITAL NOTRE-DAME-DE-FATIMA,SANTÉ QUÉBEC BAS-SAINT-LAURENT,51221141,14,7,7,14,100,163
Bas-Saint-Laurent,HÔPITAL RÉGIONAL DE RIMOUSKI,SANTÉ QUÉBEC BAS-SAINT-LAURENT,51227882,8,13,11,42,142,163
Capitale-Nationale,CENTRE HOSPITALIER DE L'UNIVERSITÉ LAVAL,SANTÉ QUÉBEC - CENTRE HOSPITALIER UNIVERSITAIRE DE QUÉBEC - UNIVERSITÉ LAVAL,51217594,2,50,28,60,123,163
Capitale-Nationale,CENTRE MULTISERVICES DE SANTÉ ET DE SERVICES SOCIAUX CHAUVEAU,SANTÉ QUÉBEC CAPITALE-NATIONALE - UNIVERSITAIRE,51225001,20,5,4,20,80,163
Capitale-Nationale,CENTRE MULTISERVICES DE SANTÉ ET DE SERVICES SOCIAUX DE BAIE-SAINT-PAUL,SANTÉ QUÉBEC CAPITALE-NATIONALE - UNIVERSITAIRE,51244804,12,8,6,13,75,163
Capitale-Nationale,CENTRE MULTISERVICES DE SANTÉ ET DE SERVICES SOCIAUX DE SAINT-MARC-DES-CARRIÈRES,SANTÉ QUÉBEC CAPITALE-NATIONALE - UNIVERSITAIRE,51247344,33,3,6,33,200,163
Capitale-Nationale,CENTRE MULTISERVICES DE SANTÉ ET DE SERVICES SOCIAUX DE SAINT-RAYMOND,SANTÉ QUÉBEC CAPITALE-NATIONALE - UNIVERSITAIRE,51247302,14,7,11,14,157,163
Capitale-Nationale,CENTRE MULTISERVICES DE SANTÉ ET DE SERVICES SOCIAUX DE SAINTE-ANNE-DE-BEAUPRÉ,SANTÉ QUÉBEC CAPITALE-NATIONALE - UNIVERSITAIRE,51225357,25,4,5,25,125,163
Capitale-Nationale,HÔPITAL DE L'ENFANT-JÉSUS,SANTÉ QUÉBEC - CENTRE HOSPITALIER UNIVERSITAIRE DE QUÉBEC - UNIVERSITÉ LAVAL,51233914,2,50,28,67,133,163
Capitale-Nationale,HÔPITAL DU SAINT-SACREMENT,SANTÉ QUÉBEC - CENTRE HOSPITALIER UNIVERSITAIRE DE QUÉBEC - UNIVERSITÉ LAVAL,51217529,4,25,16,55,123,163
Capitale-Nationale,HÔPITAL ET CLSC DE LA MALBAIE,SANTÉ QUÉBEC CAPITALE-NATIONALE - UNIVERSITAIRE,51228690,11,9,8,11,89,163
Capitale-Nationale,HÔPITAL SAINT-FRANÇOIS D'ASSISE,SANTÉ QUÉBEC - CENTRE HOSPITALIER UNIVERSITAIRE DE QUÉBEC - UNIVERSITÉ LAVAL,51217602,2,50,22,62,135,163
Capitale-Nationale,INSTITUT UNIVERSITAIRE DE CARDIOLOGIE ET DE PNEUMOLOGIE DE QUÉBEC,SANTÉ QUÉBEC - INSTITUT UNIVERSITAIRE DE CARDIOLOGIE ET DE PNEUMOLOGIE DE QUÉBEC - UNIVERSITÉ LAVAL,51232130,5,20,17,65,145,163
Capitale-Nationale,L'HÔTEL-DIEU DE QUÉBEC,SANTÉ QUÉBEC - CENTRE HOSPITALIER UNIVERSITAIRE DE QUÉBEC - UNIVERSITÉ LAVAL,51217586,6,17,14,47,140,163
Chaudière-Appalaches,HÔPITAL DE MONTMAGNY,SANTÉ QUÉBEC CHAUDIÈRE-APPALACHES,51245223,10,10,12,30,140,163
Chaudière-Appalaches,HÔPITAL DE SAINT-GEORGES,SANTÉ QUÉBEC CHAUDIÈRE-APPALACHES,51228971,4,25,31,24,195,163
Chaudière-Appalaches,HÔPITAL DE THETFORD,SANTÉ QUÉBEC CHAUDIÈRE-APPALACHES,51245231,6,17,12,47,120,163
Chaudière-Appalaches,HÔTEL-DIEU DE LÉVIS,SANTÉ QUÉBEC CHAUDIÈRE-APPALACHES,51227569,2,50,36,72,156,163
Côte-Nord,CENTRE MULTISERVICES DE SANTÉ ET DE SERVICES SOCIAUX DE FORESTVILLE,SANTÉ QUÉBEC CÔTE-NORD,51218741,20,5,4,20,80,163
Côte-Nord,CENTRE MULTISERVICES DE SANTÉ ET DE SERVICES SOCIAUX DE LA BASSE-CÔTE-NORD,SANTÉ QUÉBEC CÔTE-NORD,51245140,25,4,3,25,75,163
Côte-Nord,CENTRE MULTISERVICES DE SANTÉ ET DE SERVICES SOCIAUX DE LA MINGANIE,SANTÉ QUÉBEC CÔTE-NORD,51245116,50,2,6,50,300,163
Côte-Nord,CENTRE MULTISERVICES DE SANTÉ ET DE SERVICES SOCIAUX DE PORT-CARTIER,SANTÉ QUÉBEC CÔTE-NORD,51245132,20,5,7,20,140,163
Côte-Nord,CENTRE MULTISERVICES DE SANTÉ ET DE SERVICES SOCIAUX DES ESCOUMINS,SANTÉ QUÉBEC CÔTE-NORD,51218733,33,3,4,33,133,163
Côte-Nord,CLSC ET HÔPITAL LE ROYER,SANTÉ QUÉBEC CÔTE-NORD,51228765,10,10,10,30,120,163
Côte-Nord,HÔPITAL ET CLSC DE SEPT-ÎLES,SANTÉ QUÉBEC CÔTE-NORD,51232023,10,10,13,120,250,163
Estrie,CENTRE MULTISERVICES DE SANTÉ ET DE SERVICES SOCIAUX DE LA MRC DE COATICOOK,SANTÉ QUÉBEC ESTRIE - CENTRE HOSPITALIER UNIVERSITAIRE DE SHERBROOKE,51247617,16,6,5,17,133,163
Estrie,CENTRE MULTISERVICES DE SANTÉ ET DE SERVICES SOCIAUX DE MEMPHRÉMAGOG,SANTÉ QUÉBEC ESTRIE - CENTRE HOSPITALIER UNIVERSITAIRE DE SHERBROOKE,51219046,9,11,12,45,145,163
Estrie,CENTRE MULTISERVICES DE SANTÉ ET DE SERVICES SOCIAUX DES SOURCES,SANTÉ QUÉBEC ESTRIE - CENTRE HOSPITALIER UNIVERSITAIRE DE SHERBROOKE,51247583,14,7,5,14,71,163
Estrie,CENTRE MULTISERVICES DE SANTÉ ET DE SERVICES SOCIAUX DU GRANIT,SANTÉ QUÉBEC ESTRIE - CENTRE HOSPITALIER UNIVERSITAIRE DE SHERBROOKE,51223832,20,5,7,20,160,163
Estrie,CHUS - HÔPITAL FLEURIMONT,SANTÉ QUÉBEC ESTRIE - CENTRE HOSPITALIER UNIVERSITAIRE DE SHERBROOKE,51216687,2,50,27,44,117,163
Estrie,CHUS - HÔTEL-DIEU DE SHERBROOKE,SANTÉ QUÉBEC ESTRIE - CENTRE HOSPITALIER UNIVERSITAIRE DE SHERBROOKE,51216695,2,50,36,80,164,163
Estrie,HÔPITAL BROME-MISSISQUOI-PERKINS,SANTÉ QUÉBEC ESTRIE - CENTRE HOSPITALIER UNIVERSITAIRE DE SHERBROOKE,51229185,6,17,17,56,156,163
Estrie,HÔPITAL DE GRANBY,SANTÉ QUÉBEC ESTRIE - CENTRE HOSPITALIER UNIVERSITAIRE DE SHERBROOKE,51228120,5,20,17,80,175,163
Gaspésie-Îles-de-la-Madeleine,CENTRE MULTISERVICES DE SANTÉ ET DE SERVICES SOCIAUX DE GRANDE-VALLÉE,SANTÉ QUÉBEC GASPÉSIE,51247732,50,2,3,50,150,163
Gaspésie-Îles-de-la-Madeleine,CLSC ET CENTRE DE SERVICES AMBULATOIRES DE PASPÉBIAC,SANTÉ QUÉBEC GASPÉSIE,51220978,25,4,6,25,150,163
Gaspésie-Îles-de-la-Madeleine,HÔPITAL DE CHANDLER,SANTÉ QUÉBEC GASPÉSIE,51227775,12,8,7,25,100,163
Gaspésie-Îles-de-la-Madeleine,HÔPITAL DE GASPÉ,SANTÉ QUÉBEC GASPÉSIE,51220903,16,6,11,33,200,163
Gaspésie-Îles-de-la-Madeleine,HÔPITAL DE L'ARCHIPEL,SANTÉ QUÉBEC DES ÎLES,51227783,16,6,7,17,117,163
Gaspésie-Îles-de-la-Madeleine,HÔPITAL ET CLSC DE SAINTE-ANNE-DES-MONTS,SANTÉ QUÉBEC GASPÉSIE,51247799,16,6,6,17,100,163
Gaspésie-Îles-de-la-Madeleine,HÔPITAL ET GROUPE DE MÉDECINE DE FAMILLE UNIVERSITAIRE DE MARIA,SANTÉ QUÉBEC GASPÉSIE,51227908,10,10,10,20,120,163
Lanaudière,HÔPITAL DE LANAUDIÈRE ET CENTRE D'HÉBERGEMENT PARPHILIA-FERLAND,SANTÉ QUÉBEC LANAUDIÈRE,51244945,2,50,34,83,179,163
Lanaudière,HÔPITAL PIERRE-LE GARDEUR,SANTÉ QUÉBEC LANAUDIÈRE,51228062,2,50,30,72,143,163
Laurentides,CENTRE MULTISERVICES DE SANTÉ ET DE SERVICES SOCIAUX D'ARGENTEUIL,SANTÉ QUÉBEC LAURENTIDES,51245306,12,8,13,13,163,163
Laurentides,CENTRE MULTISERVICES DE SANTÉ ET DE SERVICES SOCIAUX DE RIVIÈRE-ROUGE,SANTÉ QUÉBEC LAURENTIDES,51217628,20,5,14,20,280,163
Laurentides,CENTRE MULTISERVICES DE SANTÉ ET DE SERVICES SOCIAUX DE SAINTE-AGATHE,SANTÉ QUÉBEC LAURENTIDES,51246874,5,20,24,67,200,163
Laurentides,HÔPITAL DE MONT-LAURIER,SANTÉ QUÉBEC LAURENTIDES,51217610,12,8,14,50,213,163
Laurentides,HÔPITAL DE SAINT-EUSTACHE,SANTÉ QUÉBEC LAURENTIDES,51228864,2,50,28,103,186,163
Laurentides,HÔPITAL DE SAINT-JÉRÔME,SANTÉ QUÉBEC LAURENTIDES,51228880,2,50,28,85,151,163
Laval,HÔPITAL DE LA CITÉ-DE-LA-SANTÉ,SANTÉ QUÉBEC LAVAL,51228757,2,50,34,110,188,163
Montérégie,HÔPITAL ANNA-LABERGE,SANTÉ QUÉBEC MONTÉRÉGIE-OUEST,51229151,3,33,19,100,163,164
Montérégie,HÔPITAL BARRIE MEMORIAL / BARRIE MEMORIAL HOSPITAL,SANTÉ QUÉBEC MONTÉRÉGIE-OUEST,51228005,20,5,11,20,220,163
Montérégie,HÔPITAL CHARLES-LE MOYNE,SANTÉ QUÉBEC MONTÉRÉGIE-CENTRE,51233799,2,50,30,84,151,164
Montérégie,HÔPITAL DU HAUT-RICHELIEU,SANTÉ QUÉBEC MONTÉRÉGIE-CENTRE,51229045,2,50,21,84,149,163
Montérégie,HÔPITAL DU SUROÎT,SANTÉ QUÉBEC MONTÉRÉGIE-OUEST,51229136,3,33,18,125,184,163
Montérégie,HÔPITAL HONORÉ-MERCIER,SANTÉ QUÉBEC MONTÉRÉGIE-EST,51229193,3,33,24,73,162,163
Montérégie,HÔPITAL PIERRE-BOUCHER,SANTÉ QUÉBEC MONTÉRÉGIE-EST,51229011,2,50,34,98,183,163
Montérégie,HÔTEL-DIEU DE SOREL,SANTÉ QUÉBEC MONTÉRÉGIE-EST,51229102,5,20,23,94,229,163
Montréal,CENTRE HOSPITALIER DE L'UNIVERSITÉ DE MONTRÉAL,SANTÉ QUÉBEC - CENTRE HOSPITALIER DE L'UNIVERSITÉ DE MONTRÉAL,51236297,1,> 50,40,88,173,163
Montréal,CENTRE HOSPITALIER DE ST. MARY,SANTÉ QUÉBEC OUEST-DE-L'ÎLE-DE-MONTRÉAL - UNIVERSITAIRE,51248243,4,25,18,77,159,163
Montréal,CHU SAINTE-JUSTINE,SANTÉ QUÉBEC - CENTRE HOSPITALIER UNIVERSITAIRE SAINTE-JUSTINE,51222800,6,17,22,44,175,163
Montréal,HÔPITAL DE LACHINE,SANTÉ QUÉBEC - CENTRE UNIVERSITAIRE DE SANTÉ MCGILL,51228310,7,14,20,50,193,163
Montréal,HÔPITAL DE LASALLE,SANTÉ QUÉBEC OUEST-DE-L'ÎLE-DE-MONTRÉAL - UNIVERSITAIRE,51224392,6,17,12,80,153,163
Montréal,HÔPITAL DE VERDUN,SANTÉ QUÉBEC CENTRE-SUD-DE-L'ÎLE-DE-MONTRÉAL - UNIVERSITAIRE,51218097,3,33,28,69,177,163
Montréal,HÔPITAL DOUGLAS,SANTÉ QUÉBEC OUEST-DE-L'ÎLE-DE-MONTRÉAL - UNIVERSITAIRE,51235190,12,8,10,13,125,163
Montréal,HÔPITAL GÉNÉRAL DE MONTRÉAL,SANTÉ QUÉBEC - CENTRE UNIVERSITAIRE DE SANTÉ MCGILL,51248219,3,33,18,142,200,163
Montréal,HÔPITAL GÉNÉRAL DU LAKESHORE,SANTÉ QUÉBEC OUEST-DE-L'ÎLE-DE-MONTRÉAL - UNIVERSITAIRE,51228278,3,33,25,145,235,163
Montréal,HÔPITAL GÉNÉRAL JUIF,SANTÉ QUÉBEC CENTRE-OUEST-DE-L'ÎLE-DE-MONTRÉAL - UNIVERSITAIRE,51248250,1,> 50,50,160,274,163
Montréal,HÔPITAL MAISONNEUVE-ROSEMONT,SANTÉ QUÉBEC EST-DE-L'ÎLE-DE-MONTRÉAL - UNIVERSITAIRE,12934659,1,> 50,38,98,170,163
Montréal,HÔPITAL NOTRE-DAME,SANTÉ QUÉBEC CENTRE-SUD-DE-L'ÎLE-DE-MONTRÉAL - UNIVERSITAIRE,51236313,2,50,20,100,154,163
Montréal,HÔPITAL ROYAL VICTORIA,SANTÉ QUÉBEC - CENTRE UNIVERSITAIRE DE SANTÉ MCGILL,51223295,3,33,24,173,245,163
Montréal,HÔPITAL SANTA CABRINI,SANTÉ QUÉBEC EST-DE-L'ÎLE-DE-MONTRÉAL - UNIVERSITAIRE,51235919,2,50,32,66,163,163
Montréal,INSTITUT DE CARDIOLOGIE DE MONTRÉAL,SANTÉ QUÉBEC - INSTITUT DE CARDIOLOGIE DE MONTRÉAL,51248201,4,25,15,9,77,163
Montréal,INSTITUT UNIVERSITAIRE EN SANTÉ MENTALE DE MONTRÉAL,SANTÉ QUÉBEC EST-DE-L'ÎLE-DE-MONTRÉAL - UNIVERSITAIRE,51235307,8,13,12,42,133,163
Montréal,L'HÔPITAL DE MONTRÉAL POUR ENFANTS,SANTÉ QUÉBEC - CENTRE UNIVERSITAIRE DE SANTÉ MCGILL,51223279,8,13,22,42,225,163
Nord-du-Québec,CENTRE DE SANTÉ DE CHIBOUGAMAU,SANTÉ QUÉBEC BAIE-JAMES,51218501,16,6,11,17,183,163
Outaouais,CLSC ET CENTRE D'HÉBERGEMENT DE LA PETITE-NATION,SANTÉ QUÉBEC OUTAOUAIS,51219491,50,2,3,50,150,163
Outaouais,HÔPITAL DE GATINEAU,SANTÉ QUÉBEC OUTAOUAIS,51221703,3,33,31,82,196,163
Outaouais,HÔPITAL DE HULL,SANTÉ QUÉBEC OUTAOUAIS,51221711,4,25,28,72,188,163
Outaouais,HÔPITAL DE MANIWAKI,SANTÉ QUÉBEC OUTAOUAIS,51221893,16,6,9,50,183,163
Outaouais,HÔPITAL ET CHSLD DE PAPINEAU,SANTÉ QUÉBEC OUTAOUAIS,51228823,8,13,14,17,125,163
Outaouais,HÔPITAL ET CHSLD DU PONTIAC,SANTÉ QUÉBEC OUTAOUAIS,51219459,25,4,7,25,175,163
Outaouais,HÔPITAL ET CHSLD MÉMORIAL DE WAKEFIELD / WAKEFIELD MEMORIAL HOSPITAL,SANTÉ QUÉBEC OUTAOUAIS,51228799,25,4,7,25,175,163
Saguenay-Lac-Saint-Jean,HÔPITAL D'ALMA,SANTÉ QUÉBEC SAGUENAY - LAC-SAINT-JEAN - UNIVERSITAIRE,51219400,5,20,11,6,71,163
Saguenay-Lac-Saint-Jean,HÔPITAL DE CHICOUTIMI,SANTÉ QUÉBEC SAGUENAY - LAC-SAINT-JEAN - UNIVERSITAIRE,51218394,2,50,28,34,102,163
Saguenay-Lac-Saint-Jean,HÔPITAL DE DOLBEAU-MISTASSINI,SANTÉ QUÉBEC SAGUENAY - LAC-SAINT-JEAN - UNIVERSITAIRE,51219384,10,10,10,20,110,163
Saguenay-Lac-Saint-Jean,HÔPITAL DE LA BAIE,SANTÉ QUÉBEC SAGUENAY - LAC-SAINT-JEAN - UNIVERSITAIRE,51221364,14,7,8,14,114,163
Saguenay-Lac-Saint-Jean,HÔPITAL ET CENTRE D'HÉBERGEMENT DE ROBERVAL,SANTÉ QUÉBEC SAGUENAY - LAC-SAINT-JEAN - UNIVERSITAIRE,51228203,7,14,14,8,108,163
Saguenay-Lac-Saint-Jean,HÔPITAL ET CENTRE DE RÉADAPTATION DE JONQUIÈRE,SANTÉ QUÉBEC SAGUENAY - LAC-SAINT-JEAN - UNIVERSITAIRE,51224541,6,17,20,6,131,163
