facility_id,facility_name,region_name,slug,quietest_day,quietest_day_mean_present,busiest_day,busiest_day_mean_present,swing_people,mean_sunday,mean_monday,mean_tuesday,mean_wednesday,mean_thursday,mean_friday,mean_saturday
51223279,"L'HÔPITAL DE MONTRÉAL POUR ENFANTS","Montréal",l-hopital-de-montreal-pour-enfants,Thursday,37.8,Sunday,83.5,45.7,83.5,64.1,54.4,49.9,37.8,43.6,76.5
12934659,"HÔPITAL MAISONNEUVE-ROSEMONT","Montréal",hopital-maisonneuve-rosemont,Sunday,90.3,Wednesday,134.6,44.3,90.3,102.9,134.0,134.6,112.3,115.6,108.7
51233799,"HÔPITAL CHARLES-LE MOYNE","Montérégie",hopital-charles-le-moyne,Sunday,95.8,Wednesday,125.9,30.0,95.8,98.6,110.1,125.9,115.9,117.0,114.0
51217594,"CENTRE HOSPITALIER DE L'UNIVERSITÉ LAVAL","Capitale-Nationale",centre-hospitalier-de-l-universite-laval,Saturday,54.0,Tuesday,83.5,29.5,60.6,71.6,83.5,78.4,73.1,67.4,54.0
51216695,"CHUS - HÔTEL-DIEU DE SHERBROOKE","Estrie",chus-hotel-dieu-de-sherbrooke,Saturday,61.8,Tuesday,90.8,29.1,62.9,80.7,90.8,73.1,73.8,70.3,61.8
51223295,"HÔPITAL ROYAL VICTORIA","Montréal",hopital-royal-victoria,Saturday,97.3,Thursday,125.0,27.7,107.2,112.0,107.1,124.0,125.0,104.3,97.3
51227569,"HÔTEL-DIEU DE LÉVIS","Chaudière-Appalaches",hotel-dieu-de-levis,Saturday,65.2,Wednesday,91.5,26.3,68.9,77.7,82.8,91.5,83.0,74.7,65.2
51228864,"HÔPITAL DE SAINT-EUSTACHE","Laurentides",hopital-de-saint-eustache,Sunday,72.8,Wednesday,97.4,24.7,72.8,84.8,88.9,97.4,94.0,96.4,87.2
51248250,"HÔPITAL GÉNÉRAL JUIF","Montréal",hopital-general-juif,Saturday,124.8,Wednesday,149.0,24.3,129.5,146.0,147.2,149.0,141.2,133.6,124.8
51233914,"HÔPITAL DE L'ENFANT-JÉSUS","Capitale-Nationale",hopital-de-l-enfant-jesus,Saturday,62.3,Tuesday,85.9,23.7,62.7,78.5,85.9,79.4,76.0,70.0,62.3
51228880,"HÔPITAL DE SAINT-JÉRÔME","Laurentides",hopital-de-saint-jerome,Sunday,89.8,Tuesday,113.0,23.3,89.8,97.3,113.0,93.5,94.4,103.1,92.2
51221703,"HÔPITAL DE GATINEAU","Outaouais",hopital-de-gatineau,Wednesday,62.5,Sunday,83.2,20.7,83.2,77.2,68.1,62.5,74.4,79.3,68.2
51229102,"HÔTEL-DIEU DE SOREL","Montérégie",hotel-dieu-de-sorel,Monday,34.1,Wednesday,53.8,19.7,36.4,34.1,46.6,53.8,43.5,44.3,43.7
51216687,"CHUS - HÔPITAL FLEURIMONT","Estrie",chus-hopital-fleurimont,Friday,47.9,Tuesday,67.3,19.5,51.8,67.0,67.3,61.1,57.8,47.9,51.5
51228120,"HÔPITAL DE GRANBY","Estrie",hopital-de-granby,Monday,50.8,Saturday,69.9,19.1,54.0,50.8,60.4,59.0,57.3,51.7,69.9
51217602,"HÔPITAL SAINT-FRANÇOIS D'ASSISE","Capitale-Nationale",hopital-saint-francois-d-assise,Saturday,40.2,Tuesday,57.2,17.0,49.5,52.8,57.2,50.8,51.9,45.3,40.2
51228757,"HÔPITAL DE LA CITÉ-DE-LA-SANTÉ","Laval",hopital-de-la-cite-de-la-sante,Saturday,116.9,Wednesday,133.8,16.9,125.3,121.7,130.7,133.8,133.5,123.4,116.9
51225001,"CENTRE MULTISERVICES DE SANTÉ ET DE SERVICES SOCIAUX CHAUVEAU","Capitale-Nationale",centre-multiservices-de-sante-et-de-services-sociaux-chauveau,Saturday,11.7,Tuesday,28.0,16.4,16.1,24.2,28.0,24.1,25.8,24.7,11.7
51218097,"HÔPITAL DE VERDUN","Montréal",hopital-de-verdun,Saturday,44.2,Tuesday,60.4,16.3,54.4,55.0,60.4,59.4,50.5,51.2,44.2
51244945,"HÔPITAL DE LANAUDIÈRE ET CENTRE D'HÉBERGEMENT PARPHILIA-FERLAND","Lanaudière",hopital-de-lanaudiere-et-centre-d-hebergement-parphilia-ferland,Thursday,83.5,Saturday,99.8,16.3,87.1,94.5,95.6,95.4,83.5,90.5,99.8
51235919,"HÔPITAL SANTA CABRINI","Montréal",hopital-santa-cabrini,Saturday,52.3,Wednesday,68.6,16.2,54.9,53.8,58.6,68.6,67.2,54.5,52.3
51219400,"HÔPITAL D'ALMA","Saguenay-Lac-Saint-Jean",hopital-d-alma,Wednesday,16.0,Monday,31.6,15.6,21.8,31.6,22.0,16.0,18.4,18.4,19.9
51221711,"HÔPITAL DE HULL","Outaouais",hopital-de-hull,Thursday,59.1,Friday,74.6,15.5,61.0,67.2,67.0,62.6,59.1,74.6,59.8
51236297,"CENTRE HOSPITALIER DE L'UNIVERSITÉ DE MONTRÉAL","Montréal",centre-hospitalier-de-l-universite-de-montreal,Tuesday,112.2,Wednesday,127.5,15.3,115.6,121.1,112.2,127.5,113.1,125.3,118.7
51236313,"HÔPITAL NOTRE-DAME","Montréal",hopital-notre-dame,Monday,56.5,Friday,71.8,15.2,66.9,56.5,60.9,68.4,65.2,71.8,67.0
51225589,"HÔPITAL DE VAL-D'OR","Abitibi-Témiscamingue",hopital-de-val-d-or,Saturday,16.1,Wednesday,31.1,15.0,18.4,30.8,26.8,31.1,21.7,17.3,16.1
51217610,"HÔPITAL DE MONT-LAURIER","Laurentides",hopital-de-mont-laurier,Friday,16.3,Sunday,31.1,14.8,31.1,24.7,21.3,26.0,21.9,16.3,20.1
51229045,"HÔPITAL DU HAUT-RICHELIEU","Montérégie",hopital-du-haut-richelieu,Thursday,70.1,Saturday,85.0,14.8,77.6,71.0,72.2,82.7,70.1,80.2,85.0
51228062,"HÔPITAL PIERRE-LE GARDEUR","Lanaudière",hopital-pierre-le-gardeur,Sunday,103.8,Thursday,118.6,14.8,103.8,109.9,107.1,109.2,118.6,107.1,107.5
51228278,"HÔPITAL GÉNÉRAL DU LAKESHORE","Montréal",hopital-general-du-lakeshore,Monday,71.3,Friday,85.8,14.5,72.8,71.3,80.3,84.8,81.3,85.8,76.4
51229136,"HÔPITAL DU SUROÎT","Montérégie",hopital-du-suroit,Thursday,64.5,Tuesday,78.6,14.0,68.9,66.7,78.6,66.0,64.5,75.0,69.3
51245199,"CHSLD ET HÔPITAL PAUL-GILBERT","Chaudière-Appalaches",chsld-et-hopital-paul-gilbert,Saturday,7.0,Tuesday,20.3,13.3,8.5,16.4,20.3,14.8,18.3,14.0,7.0
51227775,"HÔPITAL DE CHANDLER","Gaspésie-Îles-de-la-Madeleine",hopital-de-chandler,Wednesday,9.6,Sunday,22.8,13.2,22.8,20.5,14.2,9.6,11.4,10.0,14.7
51228971,"HÔPITAL DE SAINT-GEORGES","Chaudière-Appalaches",hopital-de-saint-georges,Friday,28.5,Thursday,41.3,12.8,31.3,37.6,40.0,37.2,41.3,28.5,31.0
51229011,"HÔPITAL PIERRE-BOUCHER","Montérégie",hopital-pierre-boucher,Monday,108.4,Friday,121.0,12.7,116.6,108.4,118.0,113.1,109.2,121.0,108.6
51217628,"CENTRE MULTISERVICES DE SANTÉ ET DE SERVICES SOCIAUX DE RIVIÈRE-ROUGE","Laurentides",centre-multiservices-de-sante-et-de-services-sociaux-de-riviere-rouge,Wednesday,8.7,Friday,21.3,12.6,14.0,15.6,13.5,8.7,13.5,21.3,12.7
51229193,"HÔPITAL HONORÉ-MERCIER","Montérégie",hopital-honore-mercier,Sunday,54.5,Wednesday,66.6,12.1,54.5,60.6,61.3,66.6,63.8,60.6,57.1
51228005,"HÔPITAL BARRIE MEMORIAL / BARRIE MEMORIAL HOSPITAL","Montérégie",hopital-barrie-memorial-barrie-memorial-hospital,Tuesday,24.0,Saturday,36.0,12.0,34.9,27.8,24.0,25.4,24.0,31.9,36.0
51245231,"HÔPITAL DE THETFORD","Chaudière-Appalaches",hopital-de-thetford,Sunday,25.9,Saturday,38.0,12.0,25.9,33.0,34.2,26.7,27.2,30.5,38.0
51222800,"CHU SAINTE-JUSTINE","Montréal",chu-sainte-justine,Saturday,39.7,Tuesday,51.7,12.0,41.3,46.6,51.7,51.5,46.2,43.5,39.7
51232130,"INSTITUT UNIVERSITAIRE DE CARDIOLOGIE ET DE PNEUMOLOGIE DE QUÉBEC","Capitale-Nationale",institut-universitaire-de-cardiologie-et-de-pneumologie-de-quebec,Saturday,26.0,Monday,37.8,11.8,29.8,37.8,35.5,29.9,31.0,28.3,26.0
51229151,"HÔPITAL ANNA-LABERGE","Montérégie",hopital-anna-laberge,Tuesday,63.6,Monday,75.3,11.7,73.6,75.3,63.6,64.3,70.2,71.6,64.0
51217529,"HÔPITAL DU SAINT-SACREMENT","Capitale-Nationale",hopital-du-saint-sacrement,Wednesday,29.8,Thursday,41.1,11.2,31.7,31.7,36.8,29.8,41.1,32.2,30.3
51229185,"HÔPITAL BROME-MISSISQUOI-PERKINS","Estrie",hopital-brome-missisquoi-perkins,Sunday,32.7,Friday,43.5,10.8,32.7,38.7,41.2,40.2,39.9,43.5,37.0
51228922,"HÔPITAL DE ROUYN-NORANDA","Abitibi-Témiscamingue",hopital-de-rouyn-noranda,Sunday,17.4,Wednesday,28.0,10.6,17.4,21.1,20.3,28.0,25.8,19.6,17.6
51246874,"CENTRE MULTISERVICES DE SANTÉ ET DE SERVICES SOCIAUX DE SAINTE-AGATHE","Laurentides",centre-multiservices-de-sante-et-de-services-sociaux-de-sainte-agathe,Tuesday,38.4,Sunday,48.6,10.2,48.6,40.5,38.4,44.8,46.6,46.6,41.1
51224541,"HÔPITAL ET CENTRE DE RÉADAPTATION DE JONQUIÈRE","Saguenay-Lac-Saint-Jean",hopital-et-centre-de-readaptation-de-jonquiere,Sunday,17.8,Tuesday,27.8,10.0,17.8,26.0,27.8,27.8,22.5,19.9,19.2
51228203,"HÔPITAL ET CENTRE D'HÉBERGEMENT DE ROBERVAL","Saguenay-Lac-Saint-Jean",hopital-et-centre-d-hebergement-de-roberval,Sunday,9.0,Tuesday,19.0,9.9,9.0,9.1,19.0,17.3,18.1,16.4,12.9
51232023,"HÔPITAL ET CLSC DE SEPT-ÎLES","Côte-Nord",hopital-et-clsc-de-sept-iles,Sunday,25.8,Wednesday,35.7,9.8,25.8,31.3,35.0,35.7,34.1,28.0,26.8
51248243,"CENTRE HOSPITALIER DE ST. MARY","Montréal",centre-hospitalier-de-st-mary,Thursday,45.7,Saturday,55.5,9.8,51.9,49.9,53.6,52.4,45.7,46.1,55.5
51218352,"CENTRE HOSPITALIER RÉGIONAL DU GRAND-PORTAGE","Bas-Saint-Laurent",centre-hospitalier-regional-du-grand-portage,Saturday,14.5,Monday,23.9,9.4,18.0,23.9,23.5,17.5,18.8,18.3,14.5
51245223,"HÔPITAL DE MONTMAGNY","Chaudière-Appalaches",hopital-de-montmagny,Saturday,13.0,Wednesday,22.4,9.4,16.5,21.2,20.6,22.4,22.0,18.0,13.0
51217586,"L'HÔTEL-DIEU DE QUÉBEC","Capitale-Nationale",l-hotel-dieu-de-quebec,Sunday,15.5,Tuesday,24.6,9.2,15.5,19.5,24.6,20.9,24.0,20.5,18.0
51224392,"HÔPITAL DE LASALLE","Montréal",hopital-de-lasalle,Saturday,33.0,Wednesday,42.1,9.1,34.0,34.8,39.8,42.1,36.6,33.4,33.0
51218394,"HÔPITAL DE CHICOUTIMI","Saguenay-Lac-Saint-Jean",hopital-de-chicoutimi,Monday,46.5,Thursday,55.5,9.0,48.9,46.5,54.6,53.3,55.5,52.4,52.5
51247799,"HÔPITAL ET CLSC DE SAINTE-ANNE-DES-MONTS","Gaspésie-Îles-de-la-Madeleine",hopital-et-clsc-de-sainte-anne-des-monts,Sunday,2.8,Tuesday,11.7,8.9,2.8,5.8,11.7,10.8,6.9,4.8,3.2
51221893,"HÔPITAL DE MANIWAKI","Outaouais",hopital-de-maniwaki,Saturday,6.7,Monday,15.3,8.7,9.4,15.3,12.9,12.7,12.8,8.6,6.7
51220903,"HÔPITAL DE GASPÉ","Gaspésie-Îles-de-la-Madeleine",hopital-de-gaspe,Wednesday,10.1,Sunday,18.7,8.6,18.7,17.6,10.1,10.1,13.2,11.2,13.1
51227882,"HÔPITAL RÉGIONAL DE RIMOUSKI","Bas-Saint-Laurent",hopital-regional-de-rimouski,Saturday,21.9,Sunday,30.5,8.5,30.5,30.3,26.3,27.5,29.5,29.4,21.9
51228690,"HÔPITAL ET CLSC DE LA MALBAIE","Capitale-Nationale",hopital-et-clsc-de-la-malbaie,Friday,6.0,Tuesday,14.5,8.5,6.3,9.9,14.5,6.4,6.7,6.0,7.3
51245132,"CENTRE MULTISERVICES DE SANTÉ ET DE SERVICES SOCIAUX DE PORT-CARTIER","Côte-Nord",centre-multiservices-de-sante-et-de-services-sociaux-de-port-cartier,Monday,4.5,Friday,12.5,8.0,6.7,4.5,6.8,9.9,9.0,12.5,6.7
51220978,"CLSC ET CENTRE DE SERVICES AMBULATOIRES DE PASPÉBIAC","Gaspésie-Îles-de-la-Madeleine",clsc-et-centre-de-services-ambulatoires-de-paspebiac,Saturday,2.4,Monday,10.3,7.9,3.9,10.3,7.6,5.3,7.6,5.0,2.4
51248219,"HÔPITAL GÉNÉRAL DE MONTRÉAL","Montréal",hopital-general-de-montreal,Friday,72.3,Sunday,79.9,7.6,79.9,75.6,74.4,74.0,79.3,72.3,74.5
51247617,"CENTRE MULTISERVICES DE SANTÉ ET DE SERVICES SOCIAUX DE LA MRC DE COATICOOK","Estrie",centre-multiservices-de-sante-et-de-services-sociaux-de-la-mrc-de-coaticook,Saturday,3.6,Wednesday,11.1,7.5,7.5,8.8,8.5,11.1,8.3,7.0,3.6
51248201,"INSTITUT DE CARDIOLOGIE DE MONTRÉAL","Montréal",institut-de-cardiologie-de-montreal,Monday,10.5,Wednesday,18.0,7.5,11.2,10.5,16.5,18.0,14.9,14.7,13.3
51245108,"CENTRE MULTISERVICES DE SANTÉ ET DE SERVICES SOCIAUX DE FERMONT","Côte-Nord",centre-multiservices-de-sante-et-de-services-sociaux-de-fermont,Wednesday,3.0,Monday,10.3,7.3,5.3,10.3,4.4,3.0,6.4,5.9,4.0
51227908,"HÔPITAL ET GROUPE DE MÉDECINE DE FAMILLE UNIVERSITAIRE DE MARIA","Gaspésie-Îles-de-la-Madeleine",hopital-et-groupe-de-medecine-de-famille-universitaire-de-maria,Tuesday,8.6,Monday,15.9,7.3,12.8,15.9,8.6,11.5,13.9,10.8,10.2
51247559,"CENTRE MULTISERVICES DE SANTÉ ET DE SERVICES SOCIAUX DE LA SARRE","Abitibi-Témiscamingue",centre-multiservices-de-sante-et-de-services-sociaux-de-la-sarre,Saturday,6.5,Wednesday,13.7,7.2,10.4,10.8,11.1,13.7,9.4,9.2,6.5
51235190,"HÔPITAL DOUGLAS","Montréal",hopital-douglas,Sunday,2.5,Thursday,9.7,7.2,2.5,4.8,6.8,8.8,9.7,9.5,6.8
51247583,"CENTRE MULTISERVICES DE SANTÉ ET DE SERVICES SOCIAUX DES SOURCES","Estrie",centre-multiservices-de-sante-et-de-services-sociaux-des-sources,Saturday,6.5,Friday,13.7,7.1,10.4,8.5,12.1,12.0,10.6,13.7,6.5
51228765,"CLSC ET HÔPITAL LE ROYER","Côte-Nord",clsc-et-hopital-le-royer,Saturday,12.1,Wednesday,19.0,6.8,15.0,17.2,16.7,19.0,14.9,14.7,12.1
51219491,"CLSC ET CENTRE D'HÉBERGEMENT DE LA PETITE-NATION","Outaouais",clsc-et-centre-d-hebergement-de-la-petite-nation,Sunday,0.0,Friday,6.6,6.6,0.0,2.2,4.7,5.1,4.6,6.6,6.3
51228799,"HÔPITAL ET CHSLD MÉMORIAL DE WAKEFIELD / WAKEFIELD MEMORIAL HOSPITAL","Outaouais",hopital-et-chsld-memorial-de-wakefield-wakefield-memorial-hospital,Thursday,11.5,Friday,18.0,6.5,12.6,17.0,15.1,15.4,11.5,18.0,14.6
51219046,"CENTRE MULTISERVICES DE SANTÉ ET DE SERVICES SOCIAUX DE MEMPHRÉMAGOG","Estrie",centre-multiservices-de-sante-et-de-services-sociaux-de-memphremagog,Thursday,18.7,Tuesday,24.8,6.1,23.0,24.6,24.8,20.9,18.7,21.4,23.5
51225357,"CENTRE MULTISERVICES DE SANTÉ ET DE SERVICES SOCIAUX DE SAINTE-ANNE-DE-BEAUPRÉ","Capitale-Nationale",centre-multiservices-de-sante-et-de-services-sociaux-de-sainte-anne-de-beaupre,Thursday,6.0,Monday,12.1,6.0,7.5,12.1,7.5,6.8,6.0,8.5,6.9
51218501,"CENTRE DE SANTÉ DE CHIBOUGAMAU","Nord-du-Québec",centre-de-sante-de-chibougamau,Sunday,5.1,Tuesday,11.0,5.9,5.1,7.0,11.0,9.0,9.5,9.9,8.9
51244804,"CENTRE MULTISERVICES DE SANTÉ ET DE SERVICES SOCIAUX DE BAIE-SAINT-PAUL","Capitale-Nationale",centre-multiservices-de-sante-et-de-services-sociaux-de-baie-saint-paul,Saturday,4.8,Tuesday,10.6,5.8,6.5,8.9,10.6,7.4,9.9,5.3,4.8
51221364,"HÔPITAL DE LA BAIE","Saguenay-Lac-Saint-Jean",hopital-de-la-baie,Friday,12.4,Tuesday,18.1,5.8,14.6,15.3,18.1,14.6,13.7,12.4,16.4
51235307,"INSTITUT UNIVERSITAIRE EN SANTÉ MENTALE DE MONTRÉAL","Montréal",institut-universitaire-en-sante-mentale-de-montreal,Thursday,8.9,Monday,14.6,5.8,13.2,14.6,13.3,9.5,8.9,10.8,10.8
51247302,"CENTRE MULTISERVICES DE SANTÉ ET DE SERVICES SOCIAUX DE SAINT-RAYMOND","Capitale-Nationale",centre-multiservices-de-sante-et-de-services-sociaux-de-saint-raymond,Friday,6.8,Monday,12.5,5.7,10.8,12.5,11.8,11.4,9.9,6.8,6.9
51218980,"HÔPITAL DE MATANE","Bas-Saint-Laurent",hopital-de-matane,Saturday,5.8,Thursday,11.5,5.7,10.1,6.2,10.3,10.9,11.5,9.3,5.8
51245306,"CENTRE MULTISERVICES DE SANTÉ ET DE SERVICES SOCIAUX D'ARGENTEUIL","Laurentides",centre-multiservices-de-sante-et-de-services-sociaux-d-argenteuil,Sunday,16.5,Friday,21.9,5.5,16.5,17.5,21.0,18.5,20.3,21.9,20.5
51221141,"HÔPITAL NOTRE-DAME-DE-FATIMA","Bas-Saint-Laurent",hopital-notre-dame-de-fatima,Wednesday,4.7,Saturday,10.0,5.3,5.8,8.4,8.7,4.7,6.5,7.8,10.0
51221877,"HÔPITAL DE NOTRE-DAME-DU-LAC","Bas-Saint-Laurent",hopital-de-notre-dame-du-lac,Sunday,6.5,Thursday,11.7,5.2,6.5,10.5,11.5,10.7,11.7,9.2,7.2
51223832,"CENTRE MULTISERVICES DE SANTÉ ET DE SERVICES SOCIAUX DU GRANIT","Estrie",centre-multiservices-de-sante-et-de-services-sociaux-du-granit,Monday,10.1,Saturday,15.2,5.1,10.6,10.1,12.0,11.1,11.1,11.4,15.2
51218741,"CENTRE MULTISERVICES DE SANTÉ ET DE SERVICES SOCIAUX DE FORESTVILLE","Côte-Nord",centre-multiservices-de-sante-et-de-services-sociaux-de-forestville,Sunday,1.4,Tuesday,6.3,4.9,1.4,4.0,6.3,5.3,3.9,4.1,2.5
51219384,"HÔPITAL DE DOLBEAU-MISTASSINI","Saguenay-Lac-Saint-Jean",hopital-de-dolbeau-mistassini,Wednesday,12.2,Saturday,16.6,4.4,15.5,14.0,15.6,12.2,13.3,14.2,16.6
51245116,"CENTRE MULTISERVICES DE SANTÉ ET DE SERVICES SOCIAUX DE LA MINGANIE","Côte-Nord",centre-multiservices-de-sante-et-de-services-sociaux-de-la-minganie,Sunday,1.4,Wednesday,5.6,4.2,1.4,3.8,4.4,5.6,2.8,5.2,2.1
51228906,"HÔPITAL D'AMOS","Abitibi-Témiscamingue",hopital-d-amos,Sunday,14.6,Thursday,18.7,4.1,14.6,15.5,16.9,15.9,18.7,15.7,15.8
51228310,"HÔPITAL DE LACHINE","Montréal",hopital-de-lachine,Sunday,24.7,Tuesday,28.6,3.9,24.7,25.2,28.6,25.3,25.7,26.8,25.4
51245058,"CENTRE MULTISERVICES DE SANTÉ ET DE SERVICES SOCIAUX DE MANSFIELD-ET-PONTEFRACT","Outaouais",centre-multiservices-de-sante-et-de-services-sociaux-de-mansfield-et-pontefract,Saturday,1.8,Tuesday,5.7,3.9,2.5,5.4,5.7,4.8,4.5,2.8,1.8
51228823,"HÔPITAL ET CHSLD DE PAPINEAU","Outaouais",hopital-et-chsld-de-papineau,Saturday,21.9,Monday,25.8,3.9,22.0,25.8,23.0,22.8,22.5,23.0,21.9
51247476,"CENTRE MULTISERVICES DE SANTÉ ET DE SERVICES SOCIAUX DE TÉMISCAMING-KIPAWA","Abitibi-Témiscamingue",centre-multiservices-de-sante-et-de-services-sociaux-de-temiscaming-kipawa,Monday,0.2,Tuesday,4.0,3.8,0.7,0.2,4.0,2.0,1.4,0.4,0.4
51227783,"HÔPITAL DE L'ARCHIPEL","Gaspésie-Îles-de-la-Madeleine",hopital-de-l-archipel,Saturday,4.1,Thursday,7.9,3.8,5.0,7.2,6.7,6.3,7.9,7.7,4.1
51247344,"CENTRE MULTISERVICES DE SANTÉ ET DE SERVICES SOCIAUX DE SAINT-MARC-DES-CARRIÈRES","Capitale-Nationale",centre-multiservices-de-sante-et-de-services-sociaux-de-saint-marc-des-carrieres,Saturday,5.4,Wednesday,9.2,3.7,8.0,7.3,5.5,9.2,5.8,5.6,5.4
51219418,"CLSC DE POHÉNÉGAMOOK","Bas-Saint-Laurent",clsc-de-pohenegamook,Saturday,1.0,Wednesday,4.6,3.6,1.5,2.4,4.5,4.6,3.1,2.0,1.0
51226892,"HÔPITAL D'AMQUI","Bas-Saint-Laurent",hopital-d-amqui,Saturday,4.9,Sunday,8.5,3.5,8.5,8.0,6.6,6.5,7.6,8.1,4.9
51247542,"CENTRE MULTISERVICES DE SANTÉ ET DE SERVICES SOCIAUX DE VILLE-MARIE","Abitibi-Témiscamingue",centre-multiservices-de-sante-et-de-services-sociaux-de-ville-marie,Thursday,5.8,Tuesday,9.3,3.5,8.9,7.0,9.3,8.5,5.8,6.8,7.5
51221307,"CLSC ET CENTRE DE SERVICES AMBULATOIRES DE MURDOCHVILLE","Gaspésie-Îles-de-la-Madeleine",clsc-et-centre-de-services-ambulatoires-de-murdochville,Saturday,0.1,Wednesday,3.3,3.2,0.3,0.6,0.8,3.3,3.0,1.0,0.1
51236156,"CENTRE MULTISERVICES DE SANTÉ ET DE SERVICES SOCIAUX DE TROIS-PISTOLES","Bas-Saint-Laurent",centre-multiservices-de-sante-et-de-services-sociaux-de-trois-pistoles,Wednesday,2.7,Monday,5.6,2.9,5.4,5.6,4.9,2.7,4.4,4.5,3.8
51218527,"CENTRE DE SANTÉ LEBEL","Nord-du-Québec",centre-de-sante-lebel,Saturday,1.0,Friday,3.6,2.6,3.0,2.9,3.4,3.3,2.3,3.6,1.0
51218733,"CENTRE MULTISERVICES DE SANTÉ ET DE SERVICES SOCIAUX DES ESCOUMINS","Côte-Nord",centre-multiservices-de-sante-et-de-services-sociaux-des-escoumins,Friday,4.0,Tuesday,6.5,2.5,5.8,4.2,6.5,4.5,4.9,4.0,4.1
51218535,"CENTRE DE SANTÉ ISLE-DIEU","Nord-du-Québec",centre-de-sante-isle-dieu,Saturday,0.0,Thursday,2.3,2.2,0.5,1.3,1.8,1.0,2.3,1.5,0.0
51218519,"CENTRE DE SANTÉ RENÉ-RICARD","Nord-du-Québec",centre-de-sante-rene-ricard,Monday,0.5,Wednesday,2.4,2.0,1.2,0.5,0.7,2.4,1.0,0.9,1.6
51245140,"CENTRE MULTISERVICES DE SANTÉ ET DE SERVICES SOCIAUX DE LA BASSE-CÔTE-NORD","Côte-Nord",centre-multiservices-de-sante-et-de-services-sociaux-de-la-basse-cote-nord,Saturday,0.2,Thursday,2.0,1.8,0.3,0.6,0.5,1.6,2.0,0.9,0.2
51218543,"CENTRE DE SANTÉ DE RADISSON","Nord-du-Québec",centre-de-sante-de-radisson,Friday,0.3,Sunday,1.5,1.2,1.5,0.5,0.4,0.7,1.1,0.3,0.3
51219459,"HÔPITAL ET CHSLD DU PONTIAC","Outaouais",hopital-et-chsld-du-pontiac,Tuesday,7.6,Monday,8.7,1.1,8.3,8.7,7.6,7.8,7.9,8.4,8.5
51247732,"CENTRE MULTISERVICES DE SANTÉ ET DE SERVICES SOCIAUX DE GRANDE-VALLÉE","Gaspésie-Îles-de-la-Madeleine",centre-multiservices-de-sante-et-de-services-sociaux-de-grande-vallee,Wednesday,1.1,Thursday,2.2,1.1,2.1,1.9,2.2,1.1,2.2,1.7,2.0
12475976,"HÔPITAL DU SACRÉ-COEUR-DE-MONTRÉAL","Montréal",hopital-du-sacre-coeur-de-montreal,Sunday,0.0,Sunday,0.0,0.0,0.0,0.0,0.0,0.0,0.0,0.0,0.0
51219160,"CENTRE MULTISERVICES DE SANTÉ ET DE SERVICES SOCIAUX DE FORTIERVILLE","Mauricie et Centre-du-Québec",centre-multiservices-de-sante-et-de-services-sociaux-de-fortierville,Sunday,0.0,Sunday,0.0,0.0,0.0,0.0,0.0,0.0,0.0,0.0,0.0
51219731,"CENTRE MULTISERVICES DE SANTÉ ET DE SERVICES SOCIAUX DU HAUT-SAINT-MAURICE","Mauricie et Centre-du-Québec",centre-multiservices-de-sante-et-de-services-sociaux-du-haut-saint-maurice,Sunday,0.0,Sunday,0.0,0.0,0.0,0.0,0.0,0.0,0.0,0.0,0.0
51220051,"HÔPITAL DU CENTRE-DE-LA-MAURICIE","Mauricie et Centre-du-Québec",hopital-du-centre-de-la-mauricie,Sunday,0.0,Sunday,0.0,0.0,0.0,0.0,0.0,0.0,0.0,0.0,0.0
51220168,"PAVILLON SAINTE-MARIE","Mauricie et Centre-du-Québec",pavillon-sainte-marie,Sunday,0.0,Sunday,0.0,0.0,0.0,0.0,0.0,0.0,0.0,0.0,0.0
51228039,"HÔTEL-DIEU D'ARTHABASKA","Mauricie et Centre-du-Québec",hotel-dieu-d-arthabaska,Sunday,0.0,Sunday,0.0,0.0,0.0,0.0,0.0,0.0,0.0,0.0,0.0
51228492,"HÔPITAL FLEURY","Montréal",hopital-fleury,Sunday,0.0,Sunday,0.0,0.0,0.0,0.0,0.0,0.0,0.0,0.0,0.0
51228500,"HÔPITAL JEAN-TALON","Montréal",hopital-jean-talon,Sunday,0.0,Sunday,0.0,0.0,0.0,0.0,0.0,0.0,0.0,0.0,0.0
51228781,"HÔPITAL SAINTE-CROIX","Mauricie et Centre-du-Québec",hopital-sainte-croix,Sunday,0.0,Sunday,0.0,0.0,0.0,0.0,0.0,0.0,0.0,0.0,0.0
51233583,"CENTRE MULTISERVICES DE SANTÉ ET DE SERVICES SOCIAUX AVELLIN-DALCOURT","Mauricie et Centre-du-Québec",centre-multiservices-de-sante-et-de-services-sociaux-avellin-dalcourt,Sunday,0.0,Sunday,0.0,0.0,0.0,0.0,0.0,0.0,0.0,0.0,0.0
51246338,"CENTRE MULTISERVICES DE SANTÉ ET DE SERVICES SOCIAUX CHRIST-ROI","Mauricie et Centre-du-Québec",centre-multiservices-de-sante-et-de-services-sociaux-christ-roi,Sunday,0.0,Sunday,0.0,0.0,0.0,0.0,0.0,0.0,0.0,0.0,0.0
51848752,"HÔPITAL EN SANTÉ MENTALE ALBERT-PRÉVOST","Montréal",hopital-en-sante-mentale-albert-prevost,Sunday,0.0,Sunday,0.0,0.0,0.0,0.0,0.0,0.0,0.0,0.0,0.0
